insert into materia_prima (pk_materiaID, ultima_compra, quantidade, descricao) values (1, '2023-07-02', '50', '24mm x 200mm');
insert into materia_prima (pk_materiaID, ultima_compra, quantidade, descricao) values (2, '2023-09-22', '10', '35mm x 80mm x 200mm');
insert into materia_prima (pk_materiaID, ultima_compra, quantidade, descricao) values (3, '2023-08-22', '1', '110mm x 50mm');
insert into materia_prima (pk_materiaID, ultima_compra, quantidade, descricao) values (4, '2023-07-29', '10', '24mm x 200mm');
insert into materia_prima (pk_materiaID, ultima_compra, quantidade, descricao) values (5, '2023-06-28', '20', '35mm x 80mm x 200mm');
insert into materia_prima (pk_materiaID, ultima_compra, quantidade, descricao) values (6, '2023-08-23', '50', '110mm x 50mm');
insert into materia_prima (pk_materiaID, ultima_compra, quantidade, descricao) values (7, '2023-08-22', '1', '150mm x 50mm');
insert into materia_prima (pk_materiaID, ultima_compra, quantidade, descricao) values (8, '2023-08-08', '2', '24mm x 200mm');
insert into materia_prima (pk_materiaID, ultima_compra, quantidade, descricao) values (9, '2023-11-11', '10', '110mm x 50mm');
insert into materia_prima (pk_materiaID, ultima_compra, quantidade, descricao) values (10, '2023-08-31', '20', '35mm x 80mm x 200mm');
insert into materia_prima (pk_materiaID, ultima_compra, quantidade, descricao) values (11, '2023-08-05', '50', '110mm x 50mm');

insert into peca (pk_pecaID, fk_materiaID, material, peso, dimensoes, descricao) values (1, 1, 'Cobre', 341.8, '110mm x 50mm', 'Material Trefilado');
insert into peca (pk_pecaID, fk_materiaID, material, peso, dimensoes, descricao) values (2, 2, 'Bronze', 1180.73, '24mm x 200mm', 'Material Laminado');
insert into peca (pk_pecaID, fk_materiaID, material, peso, dimensoes, descricao) values (3, 3, 'Alumínio', 1065.52, '110mm x 50mm', 'Material Fundido');
insert into peca (pk_pecaID, fk_materiaID, material, peso, dimensoes, descricao) values (4, 4, 'Aço ABNT 1020', 306.79, '110mm x 50mm', 'Material Trefilado');
insert into peca (pk_pecaID, fk_materiaID, material, peso, dimensoes, descricao) values (5, 5, 'Aço SAE 8620', 779.61, '35mm x 80mm x 200mm', 'Material Usinado');
insert into peca (pk_pecaID, fk_materiaID, material, peso, dimensoes, descricao) values (6, 6, 'Aço SAE 4140', 987.56, '24mm x 200mm', 'Material Laminado');
insert into peca (pk_pecaID, fk_materiaID, material, peso, dimensoes, descricao) values (7, 7, 'Latão', 681.79, '150mm x 50mm', 'Material Trefilado');
insert into peca (pk_pecaID, fk_materiaID, material, peso, dimensoes, descricao) values (8, 8, 'Aço inox 316', 1038.61, '24mm x 200mm', 'Material Laminado');
insert into peca (pk_pecaID, fk_materiaID, material, peso, dimensoes, descricao) values (9, 9, 'Aço inox 304', 1137.53, '400mm x 200mm x 50mm', 'Material Fundido');
insert into peca (pk_pecaID, fk_materiaID, material, peso, dimensoes, descricao) values (10, 10, 'Aço ABNT 1050', 1105.32, '35mm x 80mm x 200mm', 'Material Trefilado');
insert into peca (pk_pecaID, fk_materiaID, material, peso, dimensoes, descricao) values (11, 11, 'Aço ABNT 1045', 436.27, '35mm x 80mm x 200mm', 'Material Usinado');
insert into peca (pk_pecaID, fk_materiaID, material, peso, dimensoes, descricao) values (12, 1, 'Cobre', 1147.79, '35mm x 80mm x 200mm', 'Material Trefilado');
insert into peca (pk_pecaID, fk_materiaID, material, peso, dimensoes, descricao) values (13, 2, 'Bronze', 990.32, '150mm x 50mm', 'Material Usinado');
insert into peca (pk_pecaID, fk_materiaID, material, peso, dimensoes, descricao) values (14, 3, 'Alumínio', 960.07, '400mm x 200mm x 50mm', 'Material Trefilado');
insert into peca (pk_pecaID, fk_materiaID, material, peso, dimensoes, descricao) values (15, 4, 'Aço ABNT 1020', 843.64, '150mm x 50mm', 'Material Usinado');
insert into peca (pk_pecaID, fk_materiaID, material, peso, dimensoes, descricao) values (16, 5, 'Aço SAE 8620', 1061.13, '110mm x 50mm', 'Material Fundido');
insert into peca (pk_pecaID, fk_materiaID, material, peso, dimensoes, descricao) values (17, 6, 'Aço SAE 4140', 730.87, '110mm x 50mm', 'Material Fundido');
insert into peca (pk_pecaID, fk_materiaID, material, peso, dimensoes, descricao) values (18, 7, 'Latão', 911.62, '110mm x 50mm', 'Material Laminado');
insert into peca (pk_pecaID, fk_materiaID, material, peso, dimensoes, descricao) values (19, 8, 'Aço inox 316', 807.59, '24mm x 200mm', 'Material Usinado');
insert into peca (pk_pecaID, fk_materiaID, material, peso, dimensoes, descricao) values (20, 9, 'Aço inox 304', 332.66, '110mm x 50mm', 'Material Trefilado');
insert into peca (pk_pecaID, fk_materiaID, material, peso, dimensoes, descricao) values (21, 10, 'Aço ABNT 1050', 860.25, '24mm x 200mm', 'Material Fundido');
insert into peca (pk_pecaID, fk_materiaID, material, peso, dimensoes, descricao) values (22, 11, 'Aço ABNT 1045', 652.19, '400mm x 200mm x 50mm', 'Material Trefilado');
insert into peca (pk_pecaID, fk_materiaID, material, peso, dimensoes, descricao) values (23, 1, 'Cobre', 584.08, '150mm x 50mm', 'Material Laminado');
insert into peca (pk_pecaID, fk_materiaID, material, peso, dimensoes, descricao) values (24, 2, 'Bronze', 828.13, '110mm x 50mm', 'Material Laminado');
insert into peca (pk_pecaID, fk_materiaID, material, peso, dimensoes, descricao) values (25, 3, 'Alumínio', 802.87, '400mm x 200mm x 50mm', 'Material Trefilado');
insert into peca (pk_pecaID, fk_materiaID, material, peso, dimensoes, descricao) values (26, 4, 'Aço ABNT 1020', 535.1, '150mm x 50mm', 'Material Laminado');
insert into peca (pk_pecaID, fk_materiaID, material, peso, dimensoes, descricao) values (27, 5, 'Aço SAE 8620', 671.1, '110mm x 50mm', 'Material Laminado');
insert into peca (pk_pecaID, fk_materiaID, material, peso, dimensoes, descricao) values (28, 6, 'Aço SAE 4140', 320.87, '110mm x 50mm', 'Material Usinado');
insert into peca (pk_pecaID, fk_materiaID, material, peso, dimensoes, descricao) values (29, 7, 'Latão', 968.72, '35mm x 80mm x 200mm', 'Material Usinado');
insert into peca (pk_pecaID, fk_materiaID, material, peso, dimensoes, descricao) values (30, 8, 'Aço inox 316', 1072.14, '150mm x 50mm', 'Material Trefilado');
insert into peca (pk_pecaID, fk_materiaID, material, peso, dimensoes, descricao) values (31, 9, 'Aço inox 304', 992.84, '24mm x 200mm', 'Material Laminado');
insert into peca (pk_pecaID, fk_materiaID, material, peso, dimensoes, descricao) values (32, 10, 'Aço ABNT 1050', 639.4, '400mm x 200mm x 50mm', 'Material Usinado');
insert into peca (pk_pecaID, fk_materiaID, material, peso, dimensoes, descricao) values (33, 11, 'Aço ABNT 1045', 1198.83, '400mm x 200mm x 50mm', 'Material Fundido');
insert into peca (pk_pecaID, fk_materiaID, material, peso, dimensoes, descricao) values (34, 1, 'Cobre', 458.24, '110mm x 50mm', 'Material Trefilado');
insert into peca (pk_pecaID, fk_materiaID, material, peso, dimensoes, descricao) values (35, 2, 'Bronze', 815.75, '110mm x 50mm', 'Material Fundido');
insert into peca (pk_pecaID, fk_materiaID, material, peso, dimensoes, descricao) values (36, 3, 'Alumínio', 1161.86, '110mm x 50mm', 'Material Laminado');
insert into peca (pk_pecaID, fk_materiaID, material, peso, dimensoes, descricao) values (37, 4, 'Aço ABNT 1020', 1042.35, '110mm x 50mm', 'Material Trefilado');
insert into peca (pk_pecaID, fk_materiaID, material, peso, dimensoes, descricao) values (38, 5, 'Aço SAE 8620', 801.9, '35mm x 80mm x 200mm', 'Material Usinado');
insert into peca (pk_pecaID, fk_materiaID, material, peso, dimensoes, descricao) values (39, 6, 'Aço SAE 4140', 1043.64, '150mm x 50mm', 'Material Usinado');
insert into peca (pk_pecaID, fk_materiaID, material, peso, dimensoes, descricao) values (40, 7, 'Latão', 1014.47, '110mm x 50mm', 'Material Laminado');
insert into peca (pk_pecaID, fk_materiaID, material, peso, dimensoes, descricao) values (41, 8, 'Aço inox 316', 510.99, '35mm x 80mm x 200mm', 'Material Usinado');
insert into peca (pk_pecaID, fk_materiaID, material, peso, dimensoes, descricao) values (42, 9, 'Aço inox 304', 762.72, '24mm x 200mm', 'Material Laminado');
insert into peca (pk_pecaID, fk_materiaID, material, peso, dimensoes, descricao) values (43, 10, 'Aço ABNT 1050', 975.43, '400mm x 200mm x 50mm', 'Material Laminado');
insert into peca (pk_pecaID, fk_materiaID, material, peso, dimensoes, descricao) values (44, 11, 'Aço ABNT 1045', 310.33, '150mm x 50mm', 'Material Trefilado');
insert into peca (pk_pecaID, fk_materiaID, material, peso, dimensoes, descricao) values (45, 1, 'Cobre', 1163.73, '35mm x 80mm x 200mm', 'Material Trefilado');
insert into peca (pk_pecaID, fk_materiaID, material, peso, dimensoes, descricao) values (46, 2, 'Bronze', 743.05, '110mm x 50mm', 'Material Laminado');
insert into peca (pk_pecaID, fk_materiaID, material, peso, dimensoes, descricao) values (47, 3, 'Alumínio', 572.89, '35mm x 80mm x 200mm', 'Material Fundido');
insert into peca (pk_pecaID, fk_materiaID, material, peso, dimensoes, descricao) values (48, 4, 'Aço ABNT 1020', 977.81, '110mm x 50mm', 'Material Laminado');
insert into peca (pk_pecaID, fk_materiaID, material, peso, dimensoes, descricao) values (49, 5, 'Aço SAE 8620', 949.68, '150mm x 50mm', 'Material Trefilado');
insert into peca (pk_pecaID, fk_materiaID, material, peso, dimensoes, descricao) values (50, 6, 'Aço SAE 4140', 719.9, '35mm x 80mm x 200mm', 'Material Trefilado');
insert into peca (pk_pecaID, fk_materiaID, material, peso, dimensoes, descricao) values (51, 7, 'Latão', 419.26, '110mm x 50mm', 'Material Trefilado');
insert into peca (pk_pecaID, fk_materiaID, material, peso, dimensoes, descricao) values (52, 8, 'Aço inox 316', 1051.92, '35mm x 80mm x 200mm', 'Material Usinado');
insert into peca (pk_pecaID, fk_materiaID, material, peso, dimensoes, descricao) values (53, 9, 'Aço inox 304', 688.18, '110mm x 50mm', 'Material Fundido');
insert into peca (pk_pecaID, fk_materiaID, material, peso, dimensoes, descricao) values (54, 10, 'Aço ABNT 1050', 1182.73, '35mm x 80mm x 200mm', 'Material Laminado');
insert into peca (pk_pecaID, fk_materiaID, material, peso, dimensoes, descricao) values (55, 11, 'Aço ABNT 1045', 623.93, '110mm x 50mm', 'Material Fundido');
insert into peca (pk_pecaID, fk_materiaID, material, peso, dimensoes, descricao) values (56, 1, 'Cobre', 678.74, '35mm x 80mm x 200mm', 'Material Trefilado');
insert into peca (pk_pecaID, fk_materiaID, material, peso, dimensoes, descricao) values (57, 2, 'Bronze', 1113.02, '35mm x 80mm x 200mm', 'Material Usinado');
insert into peca (pk_pecaID, fk_materiaID, material, peso, dimensoes, descricao) values (58, 3, 'Alumínio', 426.22, '24mm x 200mm', 'Material Usinado');
insert into peca (pk_pecaID, fk_materiaID, material, peso, dimensoes, descricao) values (59, 4, 'Aço ABNT 1020', 550.17, '150mm x 50mm', 'Material Fundido');
insert into peca (pk_pecaID, fk_materiaID, material, peso, dimensoes, descricao) values (60, 5, 'Aço SAE 8620', 836.07, '110mm x 50mm', 'Material Fundido');
insert into peca (pk_pecaID, fk_materiaID, material, peso, dimensoes, descricao) values (61, 6, 'Aço SAE 4140', 474.5, '150mm x 50mm', 'Material Laminado');
insert into peca (pk_pecaID, fk_materiaID, material, peso, dimensoes, descricao) values (62, 7, 'Latão', 1116.2, '150mm x 50mm', 'Material Trefilado');
insert into peca (pk_pecaID, fk_materiaID, material, peso, dimensoes, descricao) values (63, 8, 'Aço inox 316', 696.64, '400mm x 200mm x 50mm', 'Material Laminado');
insert into peca (pk_pecaID, fk_materiaID, material, peso, dimensoes, descricao) values (64, 9, 'Aço inox 304', 920.94, '110mm x 50mm', 'Material Usinado');
insert into peca (pk_pecaID, fk_materiaID, material, peso, dimensoes, descricao) values (65, 10, 'Aço ABNT 1050', 1027.69, '35mm x 80mm x 200mm', 'Material Fundido');
insert into peca (pk_pecaID, fk_materiaID, material, peso, dimensoes, descricao) values (66, 11, 'Aço ABNT 1045', 500.48, '24mm x 200mm', 'Material Laminado');
insert into peca (pk_pecaID, fk_materiaID, material, peso, dimensoes, descricao) values (67, 1, 'Cobre', 361.0, '110mm x 50mm', 'Material Trefilado');
insert into peca (pk_pecaID, fk_materiaID, material, peso, dimensoes, descricao) values (68, 2, 'Bronze', 657.28, '35mm x 80mm x 200mm', 'Material Laminado');
insert into peca (pk_pecaID, fk_materiaID, material, peso, dimensoes, descricao) values (69, 3, 'Alumínio', 766.56, '110mm x 50mm', 'Material Trefilado');
insert into peca (pk_pecaID, fk_materiaID, material, peso, dimensoes, descricao) values (70, 4, 'Aço ABNT 1020', 952.55, '150mm x 50mm', 'Material Trefilado');
insert into peca (pk_pecaID, fk_materiaID, material, peso, dimensoes, descricao) values (71, 5, 'Aço SAE 8620', 592.14, '150mm x 50mm', 'Material Trefilado');
insert into peca (pk_pecaID, fk_materiaID, material, peso, dimensoes, descricao) values (72, 6, 'Aço SAE 4140', 644.6, '35mm x 80mm x 200mm', 'Material Laminado');
insert into peca (pk_pecaID, fk_materiaID, material, peso, dimensoes, descricao) values (73, 7, 'Latão', 689.63, '110mm x 50mm', 'Material Laminado');
insert into peca (pk_pecaID, fk_materiaID, material, peso, dimensoes, descricao) values (74, 8, 'Aço inox 316', 721.23, '24mm x 200mm', 'Material Trefilado');
insert into peca (pk_pecaID, fk_materiaID, material, peso, dimensoes, descricao) values (75, 9, 'Aço inox 304', 806.76, '110mm x 50mm', 'Material Fundido');
insert into peca (pk_pecaID, fk_materiaID, material, peso, dimensoes, descricao) values (76, 10, 'Aço ABNT 1050', 981.52, '35mm x 80mm x 200mm', 'Material Fundido');
insert into peca (pk_pecaID, fk_materiaID, material, peso, dimensoes, descricao) values (77, 11, 'Aço ABNT 1045', 1169.79, '35mm x 80mm x 200mm', 'Material Fundido');
insert into peca (pk_pecaID, fk_materiaID, material, peso, dimensoes, descricao) values (78, 1, 'Cobre', 518.21, '110mm x 50mm', 'Material Trefilado');
insert into peca (pk_pecaID, fk_materiaID, material, peso, dimensoes, descricao) values (79, 2, 'Bronze', 611.57, '400mm x 200mm x 50mm', 'Material Usinado');
insert into peca (pk_pecaID, fk_materiaID, material, peso, dimensoes, descricao) values (80, 3, 'Alumínio', 1174.92, '35mm x 80mm x 200mm', 'Material Fundido');
insert into peca (pk_pecaID, fk_materiaID, material, peso, dimensoes, descricao) values (81, 4, 'Aço ABNT 1020', 648.39, '110mm x 50mm', 'Material Fundido');
insert into peca (pk_pecaID, fk_materiaID, material, peso, dimensoes, descricao) values (82, 5, 'Aço SAE 8620', 806.67, '24mm x 200mm', 'Material Usinado');
insert into peca (pk_pecaID, fk_materiaID, material, peso, dimensoes, descricao) values (83, 6, 'Aço SAE 4140', 429.98, '150mm x 50mm', 'Material Fundido');
insert into peca (pk_pecaID, fk_materiaID, material, peso, dimensoes, descricao) values (84, 7, 'Latão', 426.84, '35mm x 80mm x 200mm', 'Material Laminado');
insert into peca (pk_pecaID, fk_materiaID, material, peso, dimensoes, descricao) values (85, 8, 'Aço inox 316', 896.46, '400mm x 200mm x 50mm', 'Material Laminado');
insert into peca (pk_pecaID, fk_materiaID, material, peso, dimensoes, descricao) values (86, 9, 'Aço inox 304', 1015.52, '24mm x 200mm', 'Material Laminado');
insert into peca (pk_pecaID, fk_materiaID, material, peso, dimensoes, descricao) values (87, 10, 'Aço ABNT 1050', 405.41, '400mm x 200mm x 50mm', 'Material Usinado');
insert into peca (pk_pecaID, fk_materiaID, material, peso, dimensoes, descricao) values (88, 11, 'Aço ABNT 1045', 345.56, '35mm x 80mm x 200mm', 'Material Usinado');
insert into peca (pk_pecaID, fk_materiaID, material, peso, dimensoes, descricao) values (89, 1, 'Cobre', 567.94, '35mm x 80mm x 200mm', 'Material Usinado');
insert into peca (pk_pecaID, fk_materiaID, material, peso, dimensoes, descricao) values (90, 2, 'Bronze', 506.18, '110mm x 50mm', 'Material Fundido');
insert into peca (pk_pecaID, fk_materiaID, material, peso, dimensoes, descricao) values (91, 3, 'Alumínio', 575.24, '35mm x 80mm x 200mm', 'Material Fundido');
insert into peca (pk_pecaID, fk_materiaID, material, peso, dimensoes, descricao) values (92, 4, 'Aço ABNT 1020', 1157.36, '110mm x 50mm', 'Material Trefilado');
insert into peca (pk_pecaID, fk_materiaID, material, peso, dimensoes, descricao) values (93, 5, 'Aço SAE 8620', 1131.11, '110mm x 50mm', 'Material Fundido');
insert into peca (pk_pecaID, fk_materiaID, material, peso, dimensoes, descricao) values (94, 6, 'Aço SAE 4140', 812.97, '110mm x 50mm', 'Material Laminado');
insert into peca (pk_pecaID, fk_materiaID, material, peso, dimensoes, descricao) values (95, 7, 'Latão', 452.73, '150mm x 50mm', 'Material Laminado');
insert into peca (pk_pecaID, fk_materiaID, material, peso, dimensoes, descricao) values (96, 8, 'Aço inox 316', 525.3, '150mm x 50mm', 'Material Fundido');
insert into peca (pk_pecaID, fk_materiaID, material, peso, dimensoes, descricao) values (97, 9, 'Aço inox 304', 771.05, '35mm x 80mm x 200mm', 'Material Laminado');
insert into peca (pk_pecaID, fk_materiaID, material, peso, dimensoes, descricao) values (98, 10, 'Aço ABNT 1050', 581.29, '110mm x 50mm', 'Material Fundido');
insert into peca (pk_pecaID, fk_materiaID, material, peso, dimensoes, descricao) values (99, 11, 'Aço ABNT 1045', 1061.3, '110mm x 50mm', 'Material Trefilado');
insert into peca (pk_pecaID, fk_materiaID, material, peso, dimensoes, descricao) values (100, 1, 'Cobre', 431.79, '150mm x 50mm', 'Material Laminado');
insert into peca (pk_pecaID, fk_materiaID, material, peso, dimensoes, descricao) values (101, 2, 'Bronze', 1102.61, '110mm x 50mm', 'Material Usinado');
insert into peca (pk_pecaID, fk_materiaID, material, peso, dimensoes, descricao) values (102, 3, 'Alumínio', 899.83, '400mm x 200mm x 50mm', 'Material Trefilado');
insert into peca (pk_pecaID, fk_materiaID, material, peso, dimensoes, descricao) values (103, 4, 'Aço ABNT 1020', 1161.01, '110mm x 50mm', 'Material Trefilado');
insert into peca (pk_pecaID, fk_materiaID, material, peso, dimensoes, descricao) values (104, 5, 'Aço SAE 8620', 446.22, '110mm x 50mm', 'Material Trefilado');
insert into peca (pk_pecaID, fk_materiaID, material, peso, dimensoes, descricao) values (105, 6, 'Aço SAE 4140', 1175.45, '110mm x 50mm', 'Material Fundido');
insert into peca (pk_pecaID, fk_materiaID, material, peso, dimensoes, descricao) values (106, 7, 'Latão', 366.36, '400mm x 200mm x 50mm', 'Material Fundido');
insert into peca (pk_pecaID, fk_materiaID, material, peso, dimensoes, descricao) values (107, 8, 'Aço inox 316', 989.08, '110mm x 50mm', 'Material Trefilado');
insert into peca (pk_pecaID, fk_materiaID, material, peso, dimensoes, descricao) values (108, 9, 'Aço inox 304', 1190.43, '110mm x 50mm', 'Material Fundido');
insert into peca (pk_pecaID, fk_materiaID, material, peso, dimensoes, descricao) values (109, 10, 'Aço ABNT 1050', 742.93, '35mm x 80mm x 200mm', 'Material Usinado');
insert into peca (pk_pecaID, fk_materiaID, material, peso, dimensoes, descricao) values (110, 11, 'Aço ABNT 1045', 1134.85, '35mm x 80mm x 200mm', 'Material Trefilado');
insert into peca (pk_pecaID, fk_materiaID, material, peso, dimensoes, descricao) values (111, 1, 'Cobre', 1035.13, '400mm x 200mm x 50mm', 'Material Fundido');
insert into peca (pk_pecaID, fk_materiaID, material, peso, dimensoes, descricao) values (112, 2, 'Bronze', 977.27, '24mm x 200mm', 'Material Trefilado');
insert into peca (pk_pecaID, fk_materiaID, material, peso, dimensoes, descricao) values (113, 3, 'Alumínio', 591.52, '35mm x 80mm x 200mm', 'Material Fundido');
insert into peca (pk_pecaID, fk_materiaID, material, peso, dimensoes, descricao) values (114, 4, 'Aço ABNT 1020', 715.6, '110mm x 50mm', 'Material Trefilado');
insert into peca (pk_pecaID, fk_materiaID, material, peso, dimensoes, descricao) values (115, 5, 'Aço SAE 8620', 987.78, '110mm x 50mm', 'Material Fundido');
insert into peca (pk_pecaID, fk_materiaID, material, peso, dimensoes, descricao) values (116, 6, 'Aço SAE 4140', 444.24, '35mm x 80mm x 200mm', 'Material Usinado');
insert into peca (pk_pecaID, fk_materiaID, material, peso, dimensoes, descricao) values (117, 7, 'Latão', 900.14, '35mm x 80mm x 200mm', 'Material Trefilado');
insert into peca (pk_pecaID, fk_materiaID, material, peso, dimensoes, descricao) values (118, 8, 'Aço inox 316', 1163.08, '24mm x 200mm', 'Material Trefilado');
insert into peca (pk_pecaID, fk_materiaID, material, peso, dimensoes, descricao) values (119, 9, 'Aço inox 304', 680.91, '35mm x 80mm x 200mm', 'Material Usinado');
insert into peca (pk_pecaID, fk_materiaID, material, peso, dimensoes, descricao) values (120, 10, 'Aço ABNT 1050', 692.95, '35mm x 80mm x 200mm', 'Material Trefilado');
insert into peca (pk_pecaID, fk_materiaID, material, peso, dimensoes, descricao) values (121, 11, 'Aço ABNT 1045', 406.23, '150mm x 50mm', 'Material Usinado');
insert into peca (pk_pecaID, fk_materiaID, material, peso, dimensoes, descricao) values (122, 1, 'Cobre', 829.23, '150mm x 50mm', 'Material Usinado');
insert into peca (pk_pecaID, fk_materiaID, material, peso, dimensoes, descricao) values (123, 2, 'Bronze', 1181.26, '24mm x 200mm', 'Material Laminado');
insert into peca (pk_pecaID, fk_materiaID, material, peso, dimensoes, descricao) values (124, 3, 'Alumínio', 452.74, '400mm x 200mm x 50mm', 'Material Laminado');
insert into peca (pk_pecaID, fk_materiaID, material, peso, dimensoes, descricao) values (125, 4, 'Aço ABNT 1020', 801.31, '110mm x 50mm', 'Material Trefilado');
insert into peca (pk_pecaID, fk_materiaID, material, peso, dimensoes, descricao) values (126, 5, 'Aço SAE 8620', 471.66, '110mm x 50mm', 'Material Fundido');
insert into peca (pk_pecaID, fk_materiaID, material, peso, dimensoes, descricao) values (127, 6, 'Aço SAE 4140', 510.63, '24mm x 200mm', 'Material Laminado');
insert into peca (pk_pecaID, fk_materiaID, material, peso, dimensoes, descricao) values (128, 7, 'Latão', 317.5, '150mm x 50mm', 'Material Fundido');
insert into peca (pk_pecaID, fk_materiaID, material, peso, dimensoes, descricao) values (129, 8, 'Aço inox 316', 1187.47, '400mm x 200mm x 50mm', 'Material Laminado');
insert into peca (pk_pecaID, fk_materiaID, material, peso, dimensoes, descricao) values (130, 9, 'Aço inox 304', 750.06, '150mm x 50mm', 'Material Trefilado');
insert into peca (pk_pecaID, fk_materiaID, material, peso, dimensoes, descricao) values (131, 10, 'Aço ABNT 1050', 840.69, '35mm x 80mm x 200mm', 'Material Laminado');
insert into peca (pk_pecaID, fk_materiaID, material, peso, dimensoes, descricao) values (132, 11, 'Aço ABNT 1045', 326.03, '35mm x 80mm x 200mm', 'Material Laminado');
insert into peca (pk_pecaID, fk_materiaID, material, peso, dimensoes, descricao) values (133, 1, 'Cobre', 989.87, '400mm x 200mm x 50mm', 'Material Laminado');
insert into peca (pk_pecaID, fk_materiaID, material, peso, dimensoes, descricao) values (134, 2, 'Bronze', 594.49, '110mm x 50mm', 'Material Laminado');
insert into peca (pk_pecaID, fk_materiaID, material, peso, dimensoes, descricao) values (135, 3, 'Alumínio', 632.31, '35mm x 80mm x 200mm', 'Material Usinado');
insert into peca (pk_pecaID, fk_materiaID, material, peso, dimensoes, descricao) values (136, 4, 'Aço ABNT 1020', 351.49, '110mm x 50mm', 'Material Trefilado');
insert into peca (pk_pecaID, fk_materiaID, material, peso, dimensoes, descricao) values (137, 5, 'Aço SAE 8620', 449.42, '400mm x 200mm x 50mm', 'Material Usinado');
insert into peca (pk_pecaID, fk_materiaID, material, peso, dimensoes, descricao) values (138, 6, 'Aço SAE 4140', 818.18, '110mm x 50mm', 'Material Fundido');
insert into peca (pk_pecaID, fk_materiaID, material, peso, dimensoes, descricao) values (139, 7, 'Latão', 441.12, '150mm x 50mm', 'Material Laminado');
insert into peca (pk_pecaID, fk_materiaID, material, peso, dimensoes, descricao) values (140, 8, 'Aço inox 316', 1161.99, '400mm x 200mm x 50mm', 'Material Usinado');
insert into peca (pk_pecaID, fk_materiaID, material, peso, dimensoes, descricao) values (141, 9, 'Aço inox 304', 469.02, '24mm x 200mm', 'Material Laminado');
insert into peca (pk_pecaID, fk_materiaID, material, peso, dimensoes, descricao) values (142, 10, 'Aço ABNT 1050', 827.62, '110mm x 50mm', 'Material Usinado');
insert into peca (pk_pecaID, fk_materiaID, material, peso, dimensoes, descricao) values (143, 11, 'Aço ABNT 1045', 460.87, '24mm x 200mm', 'Material Usinado');
insert into peca (pk_pecaID, fk_materiaID, material, peso, dimensoes, descricao) values (144, 1, 'Cobre', 999.13, '150mm x 50mm', 'Material Usinado');
insert into peca (pk_pecaID, fk_materiaID, material, peso, dimensoes, descricao) values (145, 2, 'Bronze', 768.59, '400mm x 200mm x 50mm', 'Material Usinado');
insert into peca (pk_pecaID, fk_materiaID, material, peso, dimensoes, descricao) values (146, 3, 'Alumínio', 528.64, '35mm x 80mm x 200mm', 'Material Fundido');
insert into peca (pk_pecaID, fk_materiaID, material, peso, dimensoes, descricao) values (147, 4, 'Aço ABNT 1020', 1123.5, '24mm x 200mm', 'Material Trefilado');
insert into peca (pk_pecaID, fk_materiaID, material, peso, dimensoes, descricao) values (148, 5, 'Aço SAE 8620', 879.48, '110mm x 50mm', 'Material Fundido');
insert into peca (pk_pecaID, fk_materiaID, material, peso, dimensoes, descricao) values (149, 6, 'Aço SAE 4140', 452.5, '110mm x 50mm', 'Material Laminado');
insert into peca (pk_pecaID, fk_materiaID, material, peso, dimensoes, descricao) values (150, 7, 'Latão', 1139.99, '35mm x 80mm x 200mm', 'Material Trefilado');
insert into peca (pk_pecaID, fk_materiaID, material, peso, dimensoes, descricao) values (151, 8, 'Aço inox 316', 702.22, '24mm x 200mm', 'Material Laminado');
insert into peca (pk_pecaID, fk_materiaID, material, peso, dimensoes, descricao) values (152, 9, 'Aço inox 304', 918.45, '110mm x 50mm', 'Material Trefilado');
insert into peca (pk_pecaID, fk_materiaID, material, peso, dimensoes, descricao) values (153, 10, 'Aço ABNT 1050', 566.57, '24mm x 200mm', 'Material Usinado');
insert into peca (pk_pecaID, fk_materiaID, material, peso, dimensoes, descricao) values (154, 11, 'Aço ABNT 1045', 826.05, '150mm x 50mm', 'Material Trefilado');
insert into peca (pk_pecaID, fk_materiaID, material, peso, dimensoes, descricao) values (155, 1, 'Cobre', 737.78, '150mm x 50mm', 'Material Trefilado');
insert into peca (pk_pecaID, fk_materiaID, material, peso, dimensoes, descricao) values (156, 2, 'Bronze', 826.4, '35mm x 80mm x 200mm', 'Material Usinado');
insert into peca (pk_pecaID, fk_materiaID, material, peso, dimensoes, descricao) values (157, 3, 'Alumínio', 598.07, '110mm x 50mm', 'Material Fundido');
insert into peca (pk_pecaID, fk_materiaID, material, peso, dimensoes, descricao) values (158, 4, 'Aço ABNT 1020', 1096.27, '110mm x 50mm', 'Material Usinado');
insert into peca (pk_pecaID, fk_materiaID, material, peso, dimensoes, descricao) values (159, 5, 'Aço SAE 8620', 803.34, '110mm x 50mm', 'Material Fundido');
insert into peca (pk_pecaID, fk_materiaID, material, peso, dimensoes, descricao) values (160, 6, 'Aço SAE 4140', 528.84, '110mm x 50mm', 'Material Fundido');

insert into fornecedor (pk_fornecedorID, fk_materiaID, nome, contato, endereço, avaliacao) values (1, 1, 'Gerdau', '3003-3322', 'Av. Prosperidade 250-300 - Prosperidade - São Caetano do Sul - SP 09550-700', '5');
insert into fornecedor (pk_fornecedorID, fk_materiaID, nome, contato, endereço, avaliacao) values (2, 2, 'Golin', '(11) 2147-6500', 'Estr. Velha Guarulhos-Arujá 306 - Cidade Aracília - Guarulhos - SP 07250-155', '2.0');
insert into fornecedor (pk_fornecedorID, fk_materiaID, nome, contato, endereço, avaliacao) values (3, 3, 'Lamark', '(11) 2602-2977', 'Rua Serra da Bocaina 437 - Belém - São Paulo - SP 03174-000', '3.5');
insert into fornecedor (pk_fornecedorID, fk_materiaID, nome, contato, endereço, avaliacao) values (4, 4, 'Joy', '(11) 2269-1201', 'R. Jesuíno Antônio de Siqueira 349 - Cuiabá - Itaquaquecetuba - SP 08588-645', '2.5');
insert into fornecedor (pk_fornecedorID, fk_materiaID, nome, contato, endereço, avaliacao) values (5, 5, 'Forinox', '(11) 2962-6385', 'R. Manoel Emídio 108 - Vila Nova Pauliceia - São Paulo - SP 03267-150', '4.9');
insert into fornecedor (pk_fornecedorID, fk_materiaID, nome, contato, endereço, avaliacao) values (6, 6, 'Fersteel', '(11) 2982-5522', 'Rua Ministro Apolônio Salles 198 - Jardim Tiete - São Paulo - SP 03944-040', '5');
insert into fornecedor (pk_fornecedorID, fk_materiaID, nome, contato, endereço, avaliacao) values (7, 7, 'Jetro', '(11) 2017-6771', 'R. Sampaio Ribeiro 62 - Jardim Munhoz - Guarulhos - SP 07033-240', '4.9');
insert into fornecedor (pk_fornecedorID, fk_materiaID, nome, contato, endereço, avaliacao) values (8, 8, 'RS Aços', '(11) 2925-7691', 'R. Cachoeira de Minas 771 - Jardim Santa Adelia - São Paulo - SP 03973-050', '4.9');
insert into fornecedor (pk_fornecedorID, fk_materiaID, nome, contato, endereço, avaliacao) values (9, 9, 'Melhor do Aço', '(11) 3468-0999', 'Rua Alexandre Cicarelli 49 A - São Mateus - São Paulo - SP 03966-000', '2.0');
insert into fornecedor (pk_fornecedorID, fk_materiaID, nome, contato, endereço, avaliacao) values (10, 10, 'Sianfer', '(11) 2765-4933', 'Av. Industrial 2622 - Campestre - Santo André - SP 09080-501', '2.5');
insert into fornecedor (pk_fornecedorID, fk_materiaID, nome, contato, endereço, avaliacao) values (11, 11, 'LJTubos', '(11) 2066-2100', 'Rua Dr. Paulo Queiroz 580 - Jardim Nove de Julho - São Paulo - SP 03951-090', '3.5');
insert into fornecedor (pk_fornecedorID, fk_materiaID, nome, contato, endereço, avaliacao) values (12, 1, 'Verk', '(11) 2017-2163', 'Av. Presidente Wilson 5445 - Vila Independencia - São Paulo - SP 04220-001', '3');
insert into fornecedor (pk_fornecedorID, fk_materiaID, nome, contato, endereço, avaliacao) values (13, 2, 'Aço e Cia', '(11) 2364-4119', 'Av. Sapopemba 18814 - Jardim Rodolfo Pirani - São Paulo - SP 08330-200', '2.0');
insert into fornecedor (pk_fornecedorID, fk_materiaID, nome, contato, endereço, avaliacao) values (14, 3, 'Masteraço', '(11) 2018-6600', 'Rua Alexandre Ciccarelli 49 - São Mateus - São Paulo - SP 03966-010', '4.5');
insert into fornecedor (pk_fornecedorID, fk_materiaID, nome, contato, endereço, avaliacao) values (15, 4, 'RCC Ferro e Aço', '(11) 2702-6631', 'Rua Professor José Décio Machado Gaia 52 - São Mateus - São Paulo - SP 03961-070', '3');
insert into fornecedor (pk_fornecedorID, fk_materiaID, nome, contato, endereço, avaliacao) values (16, 5, 'QualySteel', '(11) 4544-1289', 'Rua Visconde de Sousa Franco 104 - Parque dos Bancarios - São Paulo - SP 03924-200', '3');
insert into fornecedor (pk_fornecedorID, fk_materiaID, nome, contato, endereço, avaliacao) values (17, 6, 'Império Soluções em Aço', '(11) 2916-9164', 'R. Aulivieri Bozzato', '5');
insert into fornecedor (pk_fornecedorID, fk_materiaID, nome, contato, endereço, avaliacao) values (18, 7, 'Tubos de Aço Melo', '(11) 2919-0659', '760 - Galpão 10 - Lot. Industrial Coral', '5');
insert into fornecedor (pk_fornecedorID, fk_materiaID, nome, contato, endereço, avaliacao) values (19, 8, 'Brasespa', '(11) 2742-2698', 'Mauá - SP', '1');
insert into fornecedor (pk_fornecedorID, fk_materiaID, nome, contato, endereço, avaliacao) values (20, 9, 'SoarTec', '1357924680', '09372-010', '1');
insert into fornecedor (pk_fornecedorID, fk_materiaID, nome, contato, endereço, avaliacao) values (21, 10, 'Montez', '(11) 2379-1038', 'Av. da Barreira Grande 1666 - Vila rica - São Paulo - SP 03917-050', '3.9');
insert into fornecedor (pk_fornecedorID, fk_materiaID, nome, contato, endereço, avaliacao) values (22, 10, 'Aços Forte', '(11) 2524-7115', 'R. André de Almeida 1965 - Cidade São Mateus - São Paulo - SP 03950-000', '3.5');
insert into fornecedor (pk_fornecedorID, fk_materiaID, nome, contato, endereço, avaliacao) values (23, 10, 'Clemac Ind', '(11) 2962-6530', 'R. Machado de Castro 272 - Jardim Marília - São Paulo - SP 03579-240', '3');
insert into fornecedor (pk_fornecedorID, fk_materiaID, nome, contato, endereço, avaliacao) values (24, 10, '5W Metais', '(11) 98920-9309', 'Av. Alfredo Maluf 535  1 - Vila Alto de Santo Andre - Santo André - SP 09240-410', '4.5');
insert into fornecedor (pk_fornecedorID, fk_materiaID, nome, contato, endereço, avaliacao) values (25, 7, 'Simofer', '(11) 2719-6253', 'R. Harry Dannenberg 834 - Vila Carmosina - São Paulo - SP 08270-010', '5');
insert into fornecedor (pk_fornecedorID, fk_materiaID, nome, contato, endereço, avaliacao) values (26, 6, 'Aços Renox', '(11) 2726-4000', 'R. José Barbosa da Silva 32 - Jardim Sapopemba - São Paulo - SP 03976-000', '2.5');
insert into fornecedor (pk_fornecedorID, fk_materiaID, nome, contato, endereço, avaliacao) values (27, 7, 'Treatlan', '(11) 2031-3033', 'Av. Vila Ema 5903 - Vila Ema - São Paulo - SP 03281-001', '4');
insert into fornecedor (pk_fornecedorID, fk_materiaID, nome, contato, endereço, avaliacao) values (28, 8, 'Aços Savoy', '(11) 98679-6629', 'Av. Professor Luiz Ignácio Anhaia Mello 8644 - Jardim Angela (Zona Leste) - São Paulo - SP 03294-200', '4.9');
insert into fornecedor (pk_fornecedorID, fk_materiaID, nome, contato, endereço, avaliacao) values (29, 2, 'Silber Metais', '(11) 3796-9906', 'Rua Júlio Parigot 422 - Vila Antonieta - São Paulo - SP 03478-007', '3.9');
insert into fornecedor (pk_fornecedorID, fk_materiaID, nome, contato, endereço, avaliacao) values (30, 4, 'DN Aço', '(11) 2100-0404', 'R. Gastão Lopes Leal 184 - Jardim Sao Vicente - São Paulo - SP 08021-640', '3.9');

insert into ordem_producao (pk_ordemID, fk_pecaID, fk_maquinaID, qtd_produzida, status, data_inicio, data_conclusao) values (1, 1, 1, '50', 'Finalizada', '2023-10-13', '2023-11-16');
insert into ordem_producao (pk_ordemID, fk_pecaID, fk_maquinaID, qtd_produzida, status, data_inicio, data_conclusao) values (2, 2, 2, '20', 'Finalizada', '2023-09-23', '2023-12-01');
insert into ordem_producao (pk_ordemID, fk_pecaID, fk_maquinaID, qtd_produzida, status, data_inicio, data_conclusao) values (3, 3, 3, '50', 'Finalizada', '2023-10-07', '2023-10-28');
insert into ordem_producao (pk_ordemID, fk_pecaID, fk_maquinaID, qtd_produzida, status, data_inicio, data_conclusao) values (4, 4, 4, '12', 'Finalizada', '2023-10-19', '2023-11-11');
insert into ordem_producao (pk_ordemID, fk_pecaID, fk_maquinaID, qtd_produzida, status, data_inicio, data_conclusao) values (5, 5, 5,'75', 'Finalizada', '2023-10-19', '2023-11-27');
insert into ordem_producao (pk_ordemID, fk_pecaID, fk_maquinaID, qtd_produzida, status, data_inicio, data_conclusao) values (6, 6, 6, '8', 'Retrabalho', '2023-10-12', '2023-12-13');
insert into ordem_producao (pk_ordemID, fk_pecaID, fk_maquinaID, qtd_produzida, status, data_inicio, data_conclusao) values (7, 7, 7, '75', 'Finalizada', '2023-09-20', '2023-10-29');
insert into ordem_producao (pk_ordemID, fk_pecaID, fk_maquinaID, qtd_produzida, status, data_inicio, data_conclusao) values (8, 8, 8, '25', 'Finalizada', '2023-10-01', '2023-11-13');
insert into ordem_producao (pk_ordemID, fk_pecaID, fk_maquinaID, qtd_produzida, status, data_inicio, data_conclusao) values (9, 9, 9, '10', 'Retrabalho', '2023-11-16', '2023-12-08');
insert into ordem_producao (pk_ordemID, fk_pecaID, fk_maquinaID, qtd_produzida, status, data_inicio, data_conclusao) values (10, 10, 10, '10', 'Retrabalho', '2023-11-21', '2023-12-12');
insert into ordem_producao (pk_ordemID, fk_pecaID, fk_maquinaID, qtd_produzida, status, data_inicio, data_conclusao) values (11, 11, 11, '75', 'Retrabalho', '2023-10-28', '2023-12-18');
insert into ordem_producao (pk_ordemID, fk_pecaID, fk_maquinaID, qtd_produzida, status, data_inicio, data_conclusao) values (12, 12, 12, '50', 'Finalizada', '2023-10-21', '2023-11-10');
insert into ordem_producao (pk_ordemID, fk_pecaID, fk_maquinaID, qtd_produzida, status, data_inicio, data_conclusao) values (13, 13, 13, '12', 'Finalizada', '2023-09-26', '2023-11-07');
insert into ordem_producao (pk_ordemID, fk_pecaID, fk_maquinaID, qtd_produzida, status, data_inicio, data_conclusao) values (14, 14, 14, '20', 'Finalizada', '2023-09-21', '2023-10-02');
insert into ordem_producao (pk_ordemID, fk_pecaID, fk_maquinaID, qtd_produzida, status, data_inicio, data_conclusao) values (15, 15, 15, 30, 'Finalizada', '2023-09-17', '2023-10-15');
insert into ordem_producao (pk_ordemID, fk_pecaID, fk_maquinaID, qtd_produzida, status, data_inicio, data_conclusao) values (16, 16, 16, 7, 'Finalizada', '2023-10-04', '2023-11-17');
insert into ordem_producao (pk_ordemID, fk_pecaID, fk_maquinaID, qtd_produzida, status, data_inicio, data_conclusao) values (17, 17, 17, 20, 'Finalizada', '2023-09-17', '2023-10-13');
insert into ordem_producao (pk_ordemID, fk_pecaID, fk_maquinaID, qtd_produzida, status, data_inicio, data_conclusao) values (18, 18, 18, 10, 'Finalizada', '2023-10-09', '2023-11-27');
insert into ordem_producao (pk_ordemID, fk_pecaID, fk_maquinaID, qtd_produzida, status, data_inicio, data_conclusao) values (19, 19, 19, 75, 'Finalizada', '2023-09-20', '2023-10-29');
insert into ordem_producao (pk_ordemID, fk_pecaID, fk_maquinaID, qtd_produzida, status, data_inicio, data_conclusao) values (20, 20, 20, 12, 'Finalizada', '2023-10-05', '2023-12-06');
insert into ordem_producao (pk_ordemID, fk_pecaID, fk_maquinaID, qtd_produzida, status, data_inicio, data_conclusao) values (21, 21, 21, 30, 'Finalizada', '2023-10-11', '2023-10-27');
insert into ordem_producao (pk_ordemID, fk_pecaID, fk_maquinaID, qtd_produzida, status, data_inicio, data_conclusao) values (22, 22, 22, 50, 'Finalizada', '2023-10-07', '2023-11-05');
insert into ordem_producao (pk_ordemID, fk_pecaID, fk_maquinaID, qtd_produzida, status, data_inicio, data_conclusao) values (23, 23, 23, 7, 'Finalizada', '2023-09-25', '2023-10-02');
insert into ordem_producao (pk_ordemID, fk_pecaID, fk_maquinaID, qtd_produzida, status, data_inicio, data_conclusao) values (24, 24, 24, 12, 'Finalizada', '2023-10-19', '2023-11-27');
insert into ordem_producao (pk_ordemID, fk_pecaID, fk_maquinaID, qtd_produzida, status, data_inicio, data_conclusao) values (25, 25, 25, 8, 'Finalizada', '2023-10-11', '2023-10-22');
insert into ordem_producao (pk_ordemID, fk_pecaID, fk_maquinaID, qtd_produzida, status, data_inicio, data_conclusao) values (26, 26, 26, 75, 'Finalizada', '2023-09-29', '2023-11-03');
insert into ordem_producao (pk_ordemID, fk_pecaID, fk_maquinaID, qtd_produzida, status, data_inicio, data_conclusao) values (27, 27, 27, 30, 'Finalizada', '2023-10-15', '2023-11-01');
insert into ordem_producao (pk_ordemID, fk_pecaID, fk_maquinaID, qtd_produzida, status, data_inicio, data_conclusao) values (28, 28, 1, 30, 'Finalizada', '2023-10-09', '2023-10-22');
insert into ordem_producao (pk_ordemID, fk_pecaID, fk_maquinaID, qtd_produzida, status, data_inicio, data_conclusao) values (29, 29, 2, 75, 'Finalizada', '2023-10-07', '2023-11-08');
insert into ordem_producao (pk_ordemID, fk_pecaID, fk_maquinaID, qtd_produzida, status, data_inicio, data_conclusao) values (30, 30, 3, 10, 'Finalizada', '2023-10-11', '2023-11-29');
insert into ordem_producao (pk_ordemID, fk_pecaID, fk_maquinaID, qtd_produzida, status, data_inicio, data_conclusao) values (31, 31, 4, 50, 'Finalizada', '2023-09-14', '2023-10-19');
insert into ordem_producao (pk_ordemID, fk_pecaID, fk_maquinaID, qtd_produzida, status, data_inicio, data_conclusao) values (32, 32, 5, 12, 'Finalizada', '2023-10-08', '2023-10-24');
insert into ordem_producao (pk_ordemID, fk_pecaID, fk_maquinaID, qtd_produzida, status, data_inicio, data_conclusao) values (33, 33, 6, 75, 'Finalizada', '2023-10-06', '2023-10-30');
insert into ordem_producao (pk_ordemID, fk_pecaID, fk_maquinaID, qtd_produzida, status, data_inicio, data_conclusao) values (34, 34, 7, 30, 'Retrabalho', '2023-10-04', '2023-12-07');
insert into ordem_producao (pk_ordemID, fk_pecaID, fk_maquinaID, qtd_produzida, status, data_inicio, data_conclusao) values (35, 35, 8, 20, 'Finalizada', '20233-10-13', '2023-11-13');
insert into ordem_producao (pk_ordemID, fk_pecaID, fk_maquinaID, qtd_produzida, status, data_inicio, data_conclusao) values (36, 36, 9, 75, 'Finalizada', '2023-09-15', '2023-11-08');
insert into ordem_producao (pk_ordemID, fk_pecaID, fk_maquinaID, qtd_produzida, status, data_inicio, data_conclusao) values (37, 37, 10, 75, 'Finalizada', '2023-10-12', '2023-11-29');
insert into ordem_producao (pk_ordemID, fk_pecaID, fk_maquinaID, qtd_produzida, status, data_inicio, data_conclusao) values (38, 38, 11, 7, 'Finalizada', '2023-10-21', '2023-11-05');
insert into ordem_producao (pk_ordemID, fk_pecaID, fk_maquinaID, qtd_produzida, status, data_inicio, data_conclusao) values (39, 39, 12, 75, 'Finalizada', '2023-09-16', '2023-09-29');
insert into ordem_producao (pk_ordemID, fk_pecaID, fk_maquinaID, qtd_produzida, status, data_inicio, data_conclusao) values (40, 40, 13, 20, 'Finalizada', '2023-10-03', '2023-10-15');
insert into ordem_producao (pk_ordemID, fk_pecaID, fk_maquinaID, qtd_produzida, status, data_inicio, data_conclusao) values (41, 41, 14, 50, 'Finalizada', '2023-09-14', '2023-09-30');
insert into ordem_producao (pk_ordemID, fk_pecaID, fk_maquinaID, qtd_produzida, status, data_inicio, data_conclusao) values (42, 42, 15, 7, 'Finalizada', '2023-09-27', '2023-10-11');
insert into ordem_producao (pk_ordemID, fk_pecaID, fk_maquinaID, qtd_produzida, status, data_inicio, data_conclusao) values (43, 43, 16, 20, 'Finalizada', '2023-10-13', '2023-11-08');
insert into ordem_producao (pk_ordemID, fk_pecaID, fk_maquinaID, qtd_produzida, status, data_inicio, data_conclusao) values (44, 44, 17, 20, 'Finalizada', '2023-09-27', '2023-10-10');
insert into ordem_producao (pk_ordemID, fk_pecaID, fk_maquinaID, qtd_produzida, status, data_inicio, data_conclusao) values (45, 45, 18, 50, 'Finalizada', '2023-10-09', '2023-10-30');
insert into ordem_producao (pk_ordemID, fk_pecaID, fk_maquinaID, qtd_produzida, status, data_inicio, data_conclusao) values (46, 46, 19, 8, 'Finalizada', '2023-10-03', '2023-10-11');
insert into ordem_producao (pk_ordemID, fk_pecaID, fk_maquinaID, qtd_produzida, status, data_inicio, data_conclusao) values (47, 47, 20, 30, 'Finalizada', '2023-10-08', '2023-10-25');
insert into ordem_producao (pk_ordemID, fk_pecaID, fk_maquinaID, qtd_produzida, status, data_inicio, data_conclusao) values (48, 48, 21, 50, 'Finalizada', '2023-10-01', '2023-10-27');
insert into ordem_producao (pk_ordemID, fk_pecaID, fk_maquinaID, qtd_produzida, status, data_inicio, data_conclusao) values (49, 49, 22, 10, 'Finalizada', '2023-10-02', '2023-10-29');
insert into ordem_producao (pk_ordemID, fk_pecaID, fk_maquinaID, qtd_produzida, status, data_inicio, data_conclusao) values (50, 50, 23, 8, 'Finalizada', '2023-10-01', '2023-10-27');
insert into ordem_producao (pk_ordemID, fk_pecaID, fk_maquinaID, qtd_produzida, status, data_inicio, data_conclusao) values (51, 51, 24, 8, 'Finalizada', '2023-10-15', '2023-11-06');
insert into ordem_producao (pk_ordemID, fk_pecaID, fk_maquinaID, qtd_produzida, status, data_inicio, data_conclusao) values (52, 52, 25, 20, 'Finalizada', '2023-10-09', '2023-10-28');
insert into ordem_producao (pk_ordemID, fk_pecaID, fk_maquinaID, qtd_produzida, status, data_inicio, data_conclusao) values (53, 53, 26, 75, 'Finalizada', '2023-10-10', '2023-11-17');
insert into ordem_producao (pk_ordemID, fk_pecaID, fk_maquinaID, qtd_produzida, status, data_inicio, data_conclusao) values (54, 54, 27, 7, 'Finalizada', '2023-10-06', '2023-10-27');
insert into ordem_producao (pk_ordemID, fk_pecaID, fk_maquinaID, qtd_produzida, status, data_inicio, data_conclusao) values (55, 55, 1, 30, 'Finalizada', '2023-10-18', '2023-11-03');
insert into ordem_producao (pk_ordemID, fk_pecaID, fk_maquinaID, qtd_produzida, status, data_inicio, data_conclusao) values (56, 56, 2, 30, 'Finalizada', '2023-11-04', '2023-11-29');
insert into ordem_producao (pk_ordemID, fk_pecaID, fk_maquinaID, qtd_produzida, status, data_inicio, data_conclusao) values (57, 57, 3, 10, 'Finalizada', '2023-10-08', '2023-11-05');
insert into ordem_producao (pk_ordemID, fk_pecaID, fk_maquinaID, qtd_produzida, status, data_inicio, data_conclusao) values (58, 58, 4, 20, 'Finalizada', '2023-10-01', '2023-11-27');
insert into ordem_producao (pk_ordemID, fk_pecaID, fk_maquinaID, qtd_produzida, status, data_inicio, data_conclusao) values (59, 59, 5, 50, 'Finalizada', '2023-11-02', '2023-11-24');
insert into ordem_producao (pk_ordemID, fk_pecaID, fk_maquinaID, qtd_produzida, status, data_inicio, data_conclusao) values (60, 60, 6, 75, 'Finalizada', '2023-09-20', '2023-11-27');
insert into ordem_producao (pk_ordemID, fk_pecaID, fk_maquinaID, qtd_produzida, status, data_inicio, data_conclusao) values (61, 61, 7, 20, 'Finalizada', '2023-09-23', '2023-10-12');
insert into ordem_producao (pk_ordemID, fk_pecaID, fk_maquinaID, qtd_produzida, status, data_inicio, data_conclusao) values (62, 62, 8, 75, 'Finalizada', '2023-10-22', '2023-11-16');
insert into ordem_producao (pk_ordemID, fk_pecaID, fk_maquinaID, qtd_produzida, status, data_inicio, data_conclusao) values (63, 63, 9, 50, 'Finalizada', '2023-10-02', '2023-10-27');
insert into ordem_producao (pk_ordemID, fk_pecaID, fk_maquinaID, qtd_produzida, status, data_inicio, data_conclusao) values (64, 64, 10, 12, 'Finalizada', '2023-10-12', '2023-11-03');
insert into ordem_producao (pk_ordemID, fk_pecaID, fk_maquinaID, qtd_produzida, status, data_inicio, data_conclusao) values (65, 65, 11, 8, 'Finalizada', '2023-09-22', '2023-10-09');
insert into ordem_producao (pk_ordemID, fk_pecaID, fk_maquinaID, qtd_produzida, status, data_inicio, data_conclusao) values (66, 66, 12, 75, 'Retrabalho', '2023-10-20', '2023-12-06');
insert into ordem_producao (pk_ordemID, fk_pecaID, fk_maquinaID, qtd_produzida, status, data_inicio, data_conclusao) values (67, 67, 13, 75, 'Finalizada', '2023-10-10', '2023-12-18');
insert into ordem_producao (pk_ordemID, fk_pecaID, fk_maquinaID, qtd_produzida, status, data_inicio, data_conclusao) values (68, 68, 14, 7, 'Finalizada', '2023-09-22', '2023-11-05');
insert into ordem_producao (pk_ordemID, fk_pecaID, fk_maquinaID, qtd_produzida, status, data_inicio, data_conclusao) values (69, 69, 15, 8, 'Finalizada', '2023-10-16', '2023-11-15');
insert into ordem_producao (pk_ordemID, fk_pecaID, fk_maquinaID, qtd_produzida, status, data_inicio, data_conclusao) values (70, 70, 16, 8, 'Finalizada', '2023-09-23', '2023-11-29');
insert into ordem_producao (pk_ordemID, fk_pecaID, fk_maquinaID, qtd_produzida, status, data_inicio, data_conclusao) values (71, 71, 17, 10, 'Finalizada', '2023-10-10', '2023-11-08');
insert into ordem_producao (pk_ordemID, fk_pecaID, fk_maquinaID, qtd_produzida, status, data_inicio, data_conclusao) values (72, 72, 18, 8, 'Finalizada', '2023-10-15', '2023-11-16');
insert into ordem_producao (pk_ordemID, fk_pecaID, fk_maquinaID, qtd_produzida, status, data_inicio, data_conclusao) values (73, 73, 19, 75, 'Finalizada', '2023-09-27', '2023-11-06');
insert into ordem_producao (pk_ordemID, fk_pecaID, fk_maquinaID, qtd_produzida, status, data_inicio, data_conclusao) values (74, 74, 20, 50, 'Finalizada', '2023-09-14', '29-10-');
insert into ordem_producao (pk_ordemID, fk_pecaID, fk_maquinaID, qtd_produzida, status, data_inicio, data_conclusao) values (75, 75, 21, 10, 'Finalizada', '2023-11-16', '2023-11-24');
insert into ordem_producao (pk_ordemID, fk_pecaID, fk_maquinaID, qtd_produzida, status, data_inicio, data_conclusao) values (76, 76, 22, 50, 'Finalizada', '2023-11-15', '2023-11-30');
insert into ordem_producao (pk_ordemID, fk_pecaID, fk_maquinaID, qtd_produzida, status, data_inicio, data_conclusao) values (77, 77, 23, 30, 'Finalizada', '2023-10-01', '2023-11-28');
insert into ordem_producao (pk_ordemID, fk_pecaID, fk_maquinaID, qtd_produzida, status, data_inicio, data_conclusao) values (78, 78, 24, 20, 'Finalizada', '2023-10-10', '2023-12-08');
insert into ordem_producao (pk_ordemID, fk_pecaID, fk_maquinaID, qtd_produzida, status, data_inicio, data_conclusao) values (79, 79, 25, 20, 'Finalizada', '2023-10-20', '2023-11-07');
insert into ordem_producao (pk_ordemID, fk_pecaID, fk_maquinaID, qtd_produzida, status, data_inicio, data_conclusao) values (80, 80, 26, 20, 'Finalizada', '2023-09-25', '2023-10-29');
insert into ordem_producao (pk_ordemID, fk_pecaID, fk_maquinaID, qtd_produzida, status, data_inicio, data_conclusao) values (81, 81, 27, 10, 'Finalizada', '2023-09-25', '2023-10-10');
insert into ordem_producao (pk_ordemID, fk_pecaID, fk_maquinaID, qtd_produzida, status, data_inicio, data_conclusao) values (82, 82, 1, 12, 'Retrabalho', '2023-11-01', '2023-12-06');
insert into ordem_producao (pk_ordemID, fk_pecaID, fk_maquinaID, qtd_produzida, status, data_inicio, data_conclusao) values (83, 83, 2, 75, 'Finalizada', '2023-09-17', '2023-10-05');
insert into ordem_producao (pk_ordemID, fk_pecaID, fk_maquinaID, qtd_produzida, status, data_inicio, data_conclusao) values (84, 84, 3, 12, 'Finalizada', '2023-10-18', '2023-10-27');
insert into ordem_producao (pk_ordemID, fk_pecaID, fk_maquinaID, qtd_produzida, status, data_inicio, data_conclusao) values (85, 85, 4, 10, 'Retrabalho', '2023-09-14', '2023-10-10');
insert into ordem_producao (pk_ordemID, fk_pecaID, fk_maquinaID, qtd_produzida, status, data_inicio, data_conclusao) values (86, 86, 5, 7, 'Finalizada', '2023-10-12', '2023-10-25');
insert into ordem_producao (pk_ordemID, fk_pecaID, fk_maquinaID, qtd_produzida, status, data_inicio, data_conclusao) values (87, 87, 6, 12, 'Finalizada', '2023-10-14', '2023-11-24');
insert into ordem_producao (pk_ordemID, fk_pecaID, fk_maquinaID, qtd_produzida, status, data_inicio, data_conclusao) values (88, 88, 7, 12, 'Finalizada', '2023-09-25', '2023-11-18');
insert into ordem_producao (pk_ordemID, fk_pecaID, fk_maquinaID, qtd_produzida, status, data_inicio, data_conclusao) values (89, 89, 8, 30, 'Retrabalho', '2023-11-20', '2023-12-01');
insert into ordem_producao (pk_ordemID, fk_pecaID, fk_maquinaID, qtd_produzida, status, data_inicio, data_conclusao) values (90, 90, 9, 30, 'Retrabalho', '2023-11-22', '2023-12-11');
insert into ordem_producao (pk_ordemID, fk_pecaID, fk_maquinaID, qtd_produzida, status, data_inicio, data_conclusao) values (91, 91, 10, 12, 'Finalizada', '2023-09-19', '2023-10-03');
insert into ordem_producao (pk_ordemID, fk_pecaID, fk_maquinaID, qtd_produzida, status, data_inicio, data_conclusao) values (92, 92, 11, 20, 'Finalizada', '2023-10-03', '2023-11-28');
insert into ordem_producao (pk_ordemID, fk_pecaID, fk_maquinaID, qtd_produzida, status, data_inicio, data_conclusao) values (93, 93, 12, 12, 'Finalizada', '2023-10-22', '2023-11-22');
insert into ordem_producao (pk_ordemID, fk_pecaID, fk_maquinaID, qtd_produzida, status, data_inicio, data_conclusao) values (94, 94, 13, 75, 'Retrabalho', '2023-11-12', '2023-12-15');
insert into ordem_producao (pk_ordemID, fk_pecaID, fk_maquinaID, qtd_produzida, status, data_inicio, data_conclusao) values (95, 95, 14, 12, 'Finalizada', '2023-10-18', '2023-11-27');
insert into ordem_producao (pk_ordemID, fk_pecaID, fk_maquinaID, qtd_produzida, status, data_inicio, data_conclusao) values (96, 96, 15, 12, 'Finalizada', '2023-09-21', '2023-10-28');
insert into ordem_producao (pk_ordemID, fk_pecaID, fk_maquinaID, qtd_produzida, status, data_inicio, data_conclusao) values (97, 97, 16, 12, 'Retrabalho', '2023-11-16', '2023-12-11');
insert into ordem_producao (pk_ordemID, fk_pecaID, fk_maquinaID, qtd_produzida, status, data_inicio, data_conclusao) values (98, 98, 17, 50, 'Retrabalho', '2023-11-08', '2023-12-05');
insert into ordem_producao (pk_ordemID, fk_pecaID, fk_maquinaID, qtd_produzida, status, data_inicio, data_conclusao) values (99, 99, 18, 12, 'Retrabalho', '2023-11-14', '2023-12-10');
insert into ordem_producao (pk_ordemID, fk_pecaID, fk_maquinaID, qtd_produzida, status, data_inicio, data_conclusao) values (100, 100, 19,  30, 'Finalizada', '2023-09-22', '2023-10-21');
insert into ordem_producao (pk_ordemID, fk_pecaID, fk_maquinaID, qtd_produzida, status, data_inicio, data_conclusao) values (101, 101, 20, 8, 'Finalizada', '2023-10-10', '2023-11-01');
insert into ordem_producao (pk_ordemID, fk_pecaID, fk_maquinaID, qtd_produzida, status, data_inicio, data_conclusao) values (102, 102, 21, 50, 'Retrabalho', '2023-11-07', '2023-12-02');
insert into ordem_producao (pk_ordemID, fk_pecaID, fk_maquinaID, qtd_produzida, status, data_inicio, data_conclusao) values (103, 103, 22, 75, 'Retrabalho', '2023-11-18', '2023-12-15');
insert into ordem_producao (pk_ordemID, fk_pecaID, fk_maquinaID, qtd_produzida, status, data_inicio, data_conclusao) values (104, 104, 23, 20, 'Retrabalho', '2023-11-07', '2023-12-09');
insert into ordem_producao (pk_ordemID, fk_pecaID, fk_maquinaID, qtd_produzida, status, data_inicio, data_conclusao) values (105, 105, 24, 50, 'Finalizada', '2023-10-11', '2023-10-30');
insert into ordem_producao (pk_ordemID, fk_pecaID, fk_maquinaID, qtd_produzida, status, data_inicio, data_conclusao) values (106, 106, 25, 12, 'Finalizada', '2023-10-02', '2023-10-23');
insert into ordem_producao (pk_ordemID, fk_pecaID, fk_maquinaID, qtd_produzida, status, data_inicio, data_conclusao) values (107, 107, 26, 50, 'Finalizada', '2023-10-12', '2023-10-25');
insert into ordem_producao (pk_ordemID, fk_pecaID, fk_maquinaID, qtd_produzida, status, data_inicio, data_conclusao) values (108, 108, 27, 12, 'Finalizada', '2023-10-16', '2023-10-26');
insert into ordem_producao (pk_ordemID, fk_pecaID, fk_maquinaID, qtd_produzida, status, data_inicio, data_conclusao) values (109, 109, 1, 7, 'Finalizada', '2023-10-17', '2023-11-07');
insert into ordem_producao (pk_ordemID, fk_pecaID, fk_maquinaID, qtd_produzida, status, data_inicio, data_conclusao) values (110, 110, 2, 8, 'Retrabalho', '2023-11-24', '2023-12-15');
insert into ordem_producao (pk_ordemID, fk_pecaID, fk_maquinaID, qtd_produzida, status, data_inicio, data_conclusao) values (111, 111, 3, 12, 'Finalizada', '2023-10-15', '2023-10-27');
insert into ordem_producao (pk_ordemID, fk_pecaID, fk_maquinaID, qtd_produzida, status, data_inicio, data_conclusao) values (112, 112, 4, 8, 'Finalizada', '2023-10-05', '2023-10-26');
insert into ordem_producao (pk_ordemID, fk_pecaID, fk_maquinaID, qtd_produzida, status, data_inicio, data_conclusao) values (113, 113, 5, 20, 'Finalizada', '2023-10-19', '2023-10-16');
insert into ordem_producao (pk_ordemID, fk_pecaID, fk_maquinaID, qtd_produzida, status, data_inicio, data_conclusao) values (114, 114, 6, 50, 'Finalizada', '2023-09-26', '2023-10-15');
insert into ordem_producao (pk_ordemID, fk_pecaID, fk_maquinaID, qtd_produzida, status, data_inicio, data_conclusao) values (115, 115, 7, 30, 'Finalizada', '2023-10-01', '2023-11-19');
insert into ordem_producao (pk_ordemID, fk_pecaID, fk_maquinaID, qtd_produzida, status, data_inicio, data_conclusao) values (116, 116, 8, 20, 'Retrabalho', '2023-11-25', '2023-12-11');
insert into ordem_producao (pk_ordemID, fk_pecaID, fk_maquinaID, qtd_produzida, status, data_inicio, data_conclusao) values (117, 117, 9, 20, 'Finalizada', '2023-09-16', '2023-11-24');
insert into ordem_producao (pk_ordemID, fk_pecaID, fk_maquinaID, qtd_produzida, status, data_inicio, data_conclusao) values (118, 118, 10, 20, 'Retrabalho', '2023-11-20', '2023-12-11');
insert into ordem_producao (pk_ordemID, fk_pecaID, fk_maquinaID, qtd_produzida, status, data_inicio, data_conclusao) values (119, 119, 11, 30, 'Retrabalho', '2023-11-08', '2023-12-13');
insert into ordem_producao (pk_ordemID, fk_pecaID, fk_maquinaID, qtd_produzida, status, data_inicio, data_conclusao) values (120, 120, 12, 30, 'Finalizada', '2023-10-18', '2023-12-01');
insert into ordem_producao (pk_ordemID, fk_pecaID, fk_maquinaID, qtd_produzida, status, data_inicio, data_conclusao) values (121, 121, 13, 20, 'Finalizada', '2023-10-01', '2023-10-18');
insert into ordem_producao (pk_ordemID, fk_pecaID, fk_maquinaID, qtd_produzida, status, data_inicio, data_conclusao) values (122, 122, 14, 12, 'Retrabalho', '2023-09-17', '2023-12-03');
insert into ordem_producao (pk_ordemID, fk_pecaID, fk_maquinaID, qtd_produzida, status, data_inicio, data_conclusao) values (123, 123, 15, 8, 'Retrabalho', '2023-11-23', '2023-12-07');
insert into ordem_producao (pk_ordemID, fk_pecaID, fk_maquinaID, qtd_produzida, status, data_inicio, data_conclusao) values (124, 124, 16, 10, 'Finalizada', '2023-10-23', '2023-11-01');
insert into ordem_producao (pk_ordemID, fk_pecaID, fk_maquinaID, qtd_produzida, status, data_inicio, data_conclusao) values (125, 125, 17, 30, 'Finalizada', '2023-10-08', '2023-11-01');
insert into ordem_producao (pk_ordemID, fk_pecaID, fk_maquinaID, qtd_produzida, status, data_inicio, data_conclusao) values (126, 126, 18, 75, 'Finalizada', '2023-10-04', '2023-11-06');
insert into ordem_producao (pk_ordemID, fk_pecaID, fk_maquinaID, qtd_produzida, status, data_inicio, data_conclusao) values (127, 127, 19, 30, 'Finalizada', '2023-09-15', '2023-11-14');
insert into ordem_producao (pk_ordemID, fk_pecaID, fk_maquinaID, qtd_produzida, status, data_inicio, data_conclusao) values (128, 128, 20, 7, 'Finalizada', '2023-10-19', '2023-11-25');
insert into ordem_producao (pk_ordemID, fk_pecaID, fk_maquinaID, qtd_produzida, status, data_inicio, data_conclusao) values (129, 129, 21, 12, 'Finalizada', '2023-10-20', '2023-11-04');
insert into ordem_producao (pk_ordemID, fk_pecaID, fk_maquinaID, qtd_produzida, status, data_inicio, data_conclusao) values (130, 130, 22, 10, 'Finalizada', '2023-10-2023', '2023-11-12');
insert into ordem_producao (pk_ordemID, fk_pecaID, fk_maquinaID, qtd_produzida, status, data_inicio, data_conclusao) values (131, 131, 23, 7, 'Retrabalho', '2023-10-24', '2023-12-13');
insert into ordem_producao (pk_ordemID, fk_pecaID, fk_maquinaID, qtd_produzida, status, data_inicio, data_conclusao) values (132, 132, 24, 12, 'Finalizada', '2023-10-13', '2023-10-29');
insert into ordem_producao (pk_ordemID, fk_pecaID, fk_maquinaID, qtd_produzida, status, data_inicio, data_conclusao) values (133, 133, 25, 30, 'Retrabalho', '2023-11-15', '2023-12-05');
insert into ordem_producao (pk_ordemID, fk_pecaID, fk_maquinaID, qtd_produzida, status, data_inicio, data_conclusao) values (134, 134, 26, 20, 'Retrabalho', '2023-11-14', '2023-12-05');
insert into ordem_producao (pk_ordemID, fk_pecaID, fk_maquinaID, qtd_produzida, status, data_inicio, data_conclusao) values (135, 135, 27, 75, 'Finalizada', '2023-09-17', '2023-10-31');
insert into ordem_producao (pk_ordemID, fk_pecaID, fk_maquinaID, qtd_produzida, status, data_inicio, data_conclusao) values (136, 136, 1, 8, 'Retrabalho', '2023-11-26', '2023-12-07');
insert into ordem_producao (pk_ordemID, fk_pecaID, fk_maquinaID, qtd_produzida, status, data_inicio, data_conclusao) values (137, 137, 2, 7, 'Finalizada', '2023-10-21', '2023-11-11');
insert into ordem_producao (pk_ordemID, fk_pecaID, fk_maquinaID, qtd_produzida, status, data_inicio, data_conclusao) values (138, 138, 3, 7, 'Retrabalho', '2023-11-2023', '2023-12-02');
insert into ordem_producao (pk_ordemID, fk_pecaID, fk_maquinaID, qtd_produzida, status, data_inicio, data_conclusao) values (139, 139, 4, 75, 'Finalizada', '2023-11-07', '2023-12-07');
insert into ordem_producao (pk_ordemID, fk_pecaID, fk_maquinaID, qtd_produzida, status, data_inicio, data_conclusao) values (140, 140, 5, 75, 'Finalizada', '2023-09-29', '2023-10-21');
insert into ordem_producao (pk_ordemID, fk_pecaID, fk_maquinaID, qtd_produzida, status, data_inicio, data_conclusao) values (141, 141, 6, 20, 'Finalizada', '2023-10-09', '2023-10-20');
insert into ordem_producao (pk_ordemID, fk_pecaID, fk_maquinaID, qtd_produzida, status, data_inicio, data_conclusao) values (142, 142, 7, 7, 'Retrabalho', '2023-10-09', '2023-12-05');
insert into ordem_producao (pk_ordemID, fk_pecaID, fk_maquinaID, qtd_produzida, status, data_inicio, data_conclusao) values (143, 143, 8, 7, 'Finalizada', '2023-10-15', '2023-11-21');
insert into ordem_producao (pk_ordemID, fk_pecaID, fk_maquinaID, qtd_produzida, status, data_inicio, data_conclusao) values (144, 144, 9, 30, 'Finalizada', '2023-10-21', '2023-11-05');
insert into ordem_producao (pk_ordemID, fk_pecaID, fk_maquinaID, qtd_produzida, status, data_inicio, data_conclusao) values (145, 145, 10, 12, 'Finalizada', '2023-10-14', '2023-10-25');
insert into ordem_producao (pk_ordemID, fk_pecaID, fk_maquinaID, qtd_produzida, status, data_inicio, data_conclusao) values (146, 146, 11, 50, 'Retrabalho', '2023-11-06', '2023-12-09');
insert into ordem_producao (pk_ordemID, fk_pecaID, fk_maquinaID, qtd_produzida, status, data_inicio, data_conclusao) values (147, 147, 12, 75, 'Finalizada', '2023-10-23', '2023-11-21');
insert into ordem_producao (pk_ordemID, fk_pecaID, fk_maquinaID, qtd_produzida, status, data_inicio, data_conclusao) values (148, 148, 13, 75, 'Finalizada', '2023-09-25', '2023-11-11');
insert into ordem_producao (pk_ordemID, fk_pecaID, fk_maquinaID, qtd_produzida, status, data_inicio, data_conclusao) values (149, 149, 14, 30, 'Finalizada', '2023-10-02', '2023-10-20');
insert into ordem_producao (pk_ordemID, fk_pecaID, fk_maquinaID, qtd_produzida, status, data_inicio, data_conclusao) values (150, 150, 15, 50, 'Finalizada', '2023-10-13', '2023-11-24');
insert into ordem_producao (pk_ordemID, fk_pecaID, fk_maquinaID, qtd_produzida, status, data_inicio, data_conclusao) values (151, 151, 16, 10, 'Retrabalho', '2023-11-22', '2023-12-04');
insert into ordem_producao (pk_ordemID, fk_pecaID, fk_maquinaID, qtd_produzida, status, data_inicio, data_conclusao) values (152, 152, 17, 50, 'Retrabalho', '2023-10-01', '2023-12-06');
insert into ordem_producao (pk_ordemID, fk_pecaID, fk_maquinaID, qtd_produzida, status, data_inicio, data_conclusao) values (153, 153, 18, 50, 'Finalizada', '2023-09-19', '2023-10-14');
insert into ordem_producao (pk_ordemID, fk_pecaID, fk_maquinaID, qtd_produzida, status, data_inicio, data_conclusao) values (154, 154, 19, 75, 'Finalizada', '2023-09-22', '2023-10-06');
insert into ordem_producao (pk_ordemID, fk_pecaID, fk_maquinaID, qtd_produzida, status, data_inicio, data_conclusao) values (155, 155, 20, 75, 'Finalizada', '2023-10-09', '2023-11-08');
insert into ordem_producao (pk_ordemID, fk_pecaID, fk_maquinaID, qtd_produzida, status, data_inicio, data_conclusao) values (156, 156, 21, 50, 'Finalizada', '2023-10-05', '2023-10-22');
insert into ordem_producao (pk_ordemID, fk_pecaID, fk_maquinaID, qtd_produzida, status, data_inicio, data_conclusao) values (157, 157, 22, 8, 'Retrabalho', '2023-11-13', '2023-12-06');
insert into ordem_producao (pk_ordemID, fk_pecaID, fk_maquinaID, qtd_produzida, status, data_inicio, data_conclusao) values (158, 158, 23, 12, 'Finalizada', '2023-10-15', '2023-10-26');
insert into ordem_producao (pk_ordemID, fk_pecaID, fk_maquinaID, qtd_produzida, status, data_inicio, data_conclusao) values (159, 159, 24, 30, 'Retrabalho', '2023-11-17', '2023-12-03');
insert into ordem_producao (pk_ordemID, fk_pecaID, fk_maquinaID, qtd_produzida, status, data_inicio, data_conclusao) values (160, 160, 25, 8, 'Finalizada', '2023-09-20', '2023-10-21');


insert into maquina (pk_maquinaID, fk_equipamentoID, nome, cap_max, ult_manu, descricao) values (1, 1,'Fresadora Ferramenteira', '220', '2023-11-04', 'Eficiente');
insert into maquina (pk_maquinaID, fk_equipamentoID, nome, cap_max, ult_manu, descricao) values (2, 1, 'Fresadora Universal', '300', '2023-10-12', 'Regulada');
insert into maquina (pk_maquinaID, fk_equipamentoID, nome, cap_max, ult_manu, descricao) values (3, 2, 'Fresadora CNC Siemens', '200', '2023-09-24', 'Muita folga');
insert into maquina (pk_maquinaID, fk_equipamentoID, nome, cap_max, ult_manu, descricao) values (4, 3, 'Furadeira de Coluna', '150', '2023-11-19', 'Regulada');
insert into maquina (pk_maquinaID, fk_equipamentoID, nome, cap_max, ult_manu, descricao) values (5, 4, 'Torno Mecânico', '120', '2023-11-24', 'Manutenção realizada');
insert into maquina (pk_maquinaID, fk_equipamentoID, nome, cap_max, ult_manu, descricao) values (6, 1, 'Fresadora Universal FU-400', '310', '2023-11-30', 'Padrão SENAI');
insert into maquina (pk_maquinaID, fk_equipamentoID, nome, cap_max, ult_manu, descricao) values (7, 3, 'Furadeira de Coluna', '170', '2023-11-30', 'Regulada');
insert into maquina (pk_maquinaID, fk_equipamentoID, nome, cap_max, ult_manu, descricao) values (8, 2,'Fresadora CNC Fanuc', '200', '2023-11-26', 'Regulada');
insert into maquina (pk_maquinaID, fk_equipamentoID, nome, cap_max, ult_manu, descricao) values (9, 1, 'Fresadora Universal FU-400', '220', '2023-09-16', 'Barulhenta');
insert into maquina (pk_maquinaID, fk_equipamentoID, nome, cap_max, ult_manu, descricao) values (10, 3, 'Furadeira de Coluna', '170', '2023-09-22', 'Barulhenta');
insert into maquina (pk_maquinaID, fk_equipamentoID, nome, cap_max, ult_manu, descricao) values (11, 4, 'Torno Mecânico', '120', '2023-09-22', 'Muita folga');
insert into maquina (pk_maquinaID, fk_equipamentoID, nome, cap_max, ult_manu, descricao) values (12, 5, 'Torno CNC', '200', '2023-09-26', 'Falta Limpeza');
insert into maquina (pk_maquinaID, fk_equipamentoID, nome, cap_max, ult_manu, descricao) values (13, 4, 'Torno Mecânico', '120', '2023-10-11', 'Padrão SENAI');
insert into maquina (pk_maquinaID, fk_equipamentoID, nome, cap_max, ult_manu, descricao) values (14, 4, 'Torno Mecânico', '120', '2023-11-25', 'Regulada');
insert into maquina (pk_maquinaID, fk_equipamentoID, nome, cap_max, ult_manu, descricao) values (15, 3, 'Furadeira de Coluna', '200', '2023-10-09', 'Falta Limpeza');
insert into maquina (pk_maquinaID, fk_equipamentoID, nome, cap_max, ult_manu, descricao) values (16, 1, 'Fresadora Ferramenteira', '220', '2023-11-24', 'Manutenção realizada');
insert into maquina (pk_maquinaID, fk_equipamentoID, nome, cap_max, ult_manu, descricao) values (17, 2, 'Fresadora CNC Siemens', '180', '2023-09-03', 'Muita folga');
insert into maquina (pk_maquinaID, fk_equipamentoID, nome, cap_max, ult_manu, descricao) values (18, 4, 'Torno Mecânico', '120', '2023-09-09', 'Muita folga');
insert into maquina (pk_maquinaID, fk_equipamentoID, nome, cap_max, ult_manu, descricao) values (19, 1, 'Fresadora Ferramenteira', '220', '2023-09-16', 'Muita folga');
insert into maquina (pk_maquinaID, fk_equipamentoID, nome, cap_max, ult_manu, descricao) values (20, 2, 'Fresadora CNC Siemens', '180', '2023-08-21', 'Barulhenta');
insert into maquina (pk_maquinaID, fk_equipamentoID, nome, cap_max, ult_manu, descricao) values (21, 4, 'Torno Mecânico', '180', '2023-08-13', 'Barulhenta');
insert into maquina (pk_maquinaID, fk_equipamentoID, nome, cap_max, ult_manu, descricao) values (22, 1, 'Fresadora Universal', '300', '2023-10-22', 'Padrão SENAI');
insert into maquina (pk_maquinaID, fk_equipamentoID, nome, cap_max, ult_manu, descricao) values (23, 4, 'Torno Mecânico', '120', '2023-12-12', 'Padrão SENAI');
insert into maquina (pk_maquinaID, fk_equipamentoID, nome, cap_max, ult_manu, descricao) values (24, 5, 'Torno CNC', '200', '2023-10-21', 'Padrão SENAI');
insert into maquina (pk_maquinaID, fk_equipamentoID, nome, cap_max, ult_manu, descricao) values (25, 5, 'Torno CNC', '200', '2023-10-12', 'Eficiente');
insert into maquina (pk_maquinaID, fk_equipamentoID, nome, cap_max, ult_manu, descricao) values (26, 3, 'Furadeira de Coluna', '120', '2023-09-10', 'Barulhenta');
insert into maquina (pk_maquinaID, fk_equipamentoID, nome, cap_max, ult_manu, descricao) values (27, 1, 'Fresadora Universal', '300', '2023-11-03', 'Manutenção realizada');

insert into equipamento (pk_equipamentoID, nome, vida_util, data_compra, descricao) values (1, 'Equipamento 1 (Oléo Lubrificante -  Jogo de Pinças -  Mangote -  Fixador de fresa -  fresa 50mm -  Fresa 10mm desbaste - Calço -  Fresa metal duro 20mm -  Pastilhas de metal duro -  Pincel -  Martelo de borracha -  Chave de boca 11 -  Morsa)', '1 mês a 2 meses para broca e fresas serem afiada e o restante de 2 a 3 anos dependendo do cuidado do operador', '2023-10-03', 'Ferramentas de Fresadora');
insert into equipamento (pk_equipamentoID, nome, vida_util, data_compra, descricao) values (2, 'Equipamento 2 (Oléo Lubrificante -  Mangote -  Jogo de Pinças -  fresa 50mm -  Fresa 10mm desbaste -  Calço - Fresa metal duro 20mm -  Pastilhas de metal duro -  pincel -  Morsa)', '1 mês a 2 meses para broca e fresas serem afiadas e o restante de 3 anos dependendo do cuidado do operador', '2023-10-03', 'Ferramentas de Fresadora CNC');
insert into equipamento (pk_equipamentoID, nome, vida_util, data_compra, descricao) values (3, 'Equipamento 3 (Broca -  Oléo Refrigerante -  Oléo Lubrificante -  Fixador de Mangote - Pinça -  Morsa -  Calço -  Pincel)', '1 mês para broca ser afiada e o restante mais de 1 ano dependendo do cuidado do operador', '2023-09-03', 'Ferramentas de Furadeira de Coluna');
insert into equipamento (pk_equipamentoID, nome, vida_util, data_compra, descricao) values (4, 'Equipamento 4 (Ferramentas de Fixação -  Pincel -  Metal Duro -  bite -  Oléo Refirgerante -  Oléo Lubrificante -  Placas -  Mangote -  Martelo de Borracha)', '1 mês para broca ser afiada e o restante de 1 a 2 anos dependendo do cuidado do operador', '2023-10-13', 'Ferramentas de Torno Mecanico');
insert into equipamento (pk_equipamentoID, nome, vida_util, data_compra, descricao) values (5, 'Equipamento 5 (Mangote -  Oléo Lubrificante -  Pincel -  Metal Duro -  bite)', '1 mês para broca ser afiada e o restante de 3 anos dependendo do cuidado do operador', '2023-10-10', 'Ferramentas de Torno CNC');

insert into operador (pk_operadorID, fk_maquinaID, nome, especializacao, historico, disponibilidade) values (1, 1, 'Rick Moore', 'Ferramenteiro', 'Prestativo', 'Noturno (20h00-01h00)');
insert into operador (pk_operadorID, fk_maquinaID, nome, especializacao, historico, disponibilidade) values (2, 2, 'John Smith', 'Fresador', 'Calculista', 'Matutino (6h00-13h00)');
insert into operador (pk_operadorID, fk_maquinaID, nome, especializacao, historico, disponibilidade) values (3, 3, 'Renato Sabori', 'Operador de CNC', 'Cauteloso', 'Vespertino (12h00-21h00)');
insert into operador (pk_operadorID, fk_maquinaID, nome, especializacao, historico, disponibilidade) values (4, 4, 'Lidia Cabelo', 'Ajustador', '', 'Vespertino (12h00-21h00)');
insert into operador (pk_operadorID, fk_maquinaID, nome, especializacao, historico, disponibilidade) values (5, 5, 'Ingrid Cristina', 'Torneiro', 'Prestativo', 'Noturno (20h00-01h00)');
insert into operador (pk_operadorID, fk_maquinaID, nome, especializacao, historico, disponibilidade) values (6, 6, 'Rene Junior', 'Fresador', 'Resultados adequados', 'Matutino (6h00-13h00)');
insert into operador (pk_operadorID, fk_maquinaID, nome, especializacao, historico, disponibilidade) values (7, 7, 'Astolfo Tolle', 'Ajustador', 'Inseguro no trabalho', 'Noturno (20h00-01h00)');
insert into operador (pk_operadorID, fk_maquinaID, nome, especializacao, historico, disponibilidade) values (8, 8, 'Eduardo Neto', 'Operador de CNC', 'Positivo', 'Vespertino (12h00-21h00)');
insert into operador (pk_operadorID, fk_maquinaID, nome, especializacao, historico, disponibilidade) values (9, 9, 'Lucca Braga', 'Fresador', 'Calculista', 'Noturno (20h00-01h00)');
insert into operador (pk_operadorID, fk_maquinaID, nome, especializacao, historico, disponibilidade) values (10, 10, 'Thomas Shelby', 'Ajustador', '', 'Noturno (20h00-01h00)');
insert into operador (pk_operadorID, fk_maquinaID, nome, especializacao, historico, disponibilidade) values (11, 11, 'Ragnar Pedrosa', 'Torneiro', 'Domina o setor', 'Vespertino (12h00-21h00)');
insert into operador (pk_operadorID, fk_maquinaID, nome, especializacao, historico, disponibilidade) values (12, 12, 'Rober Oliveira', 'Operador de Torno CNC', 'Seguro', 'Estágio');
insert into operador (pk_operadorID, fk_maquinaID, nome, especializacao, historico, disponibilidade) values (13, 13, 'Michael Johnson', 'Ferramenteiro', 'Respeitoso', 'Vespertino (12h00-21h00)');
insert into operador (pk_operadorID, fk_maquinaID, nome, especializacao, historico, disponibilidade) values (14, 14, 'Emily Davis', 'Torneiro', 'Lider', 'Noturno (20h00-01h00)');
insert into operador (pk_operadorID, fk_maquinaID, nome, especializacao, historico, disponibilidade) values (15, 15, 'Daniel Thompson', 'Ferramenteiro', 'Respeitoso', 'Estágio');
insert into operador (pk_operadorID, fk_maquinaID, nome, especializacao, historico, disponibilidade) values (16, 16, 'Sophia Martinez', 'Fresador', 'Dificuldade de interagir', 'Vespertino (12h00-21h00)');
insert into operador (pk_operadorID, fk_maquinaID, nome, especializacao, historico, disponibilidade) values (17, 17, 'Oliver Anderson', 'Operador de CNC', 'Lider', 'Vespertino (12h00-21h00)');
insert into operador (pk_operadorID, fk_maquinaID, nome, especializacao, historico, disponibilidade) values (18, 18, 'Isabella Wilson', 'Operador de Torno CNC', 'Inseguro no trabalho', 'Noturno (20h00-01h00)');
insert into operador (pk_operadorID, fk_maquinaID, nome, especializacao, historico, disponibilidade) values (19, 19, 'Matthew Taylor', 'Ajustador', 'Dificuldade de interagir', 'Matutino (6h00-13h00)');
insert into operador (pk_operadorID, fk_maquinaID, nome, especializacao, historico, disponibilidade) values (20, 20, 'Mia Garcia', 'Operador de CNC', 'Problemático', 'Vespertino (12h00-21h00)');
insert into operador (pk_operadorID, fk_maquinaID, nome, especializacao, historico, disponibilidade) values (21, 21, 'Joseph Brown', 'Torneiro', 'Lider', 'Vespertino (12h00-21h00)');
insert into operador (pk_operadorID, fk_maquinaID, nome, especializacao, historico, disponibilidade) values (22, 22, 'Ava Rodriguez', 'Fresador', 'Problemático', 'Vespertino (12h00-21h00)');
insert into operador (pk_operadorID, fk_maquinaID, nome, especializacao, historico, disponibilidade) values (23, 23, 'David Miller', 'Torneiro', 'Domina o setor', 'Vespertino (12h00-21h00)');
insert into operador (pk_operadorID, fk_maquinaID, nome, especializacao, historico, disponibilidade) values (24, 24, 'Emma Lopez', 'Operador de Torno CNC', '', 'Matutino (6h00-13h00)');
insert into operador (pk_operadorID, fk_maquinaID, nome, especializacao, historico, disponibilidade) values (25, 25, 'James Clark', 'Operador de Torno CNC', 'Inseguro no trabalho', 'Estágio');
insert into operador (pk_operadorID, fk_maquinaID, nome, especializacao, historico, disponibilidade) values (26, 26, 'Olivia Hernandez', 'Ajustador', 'Inseguro no trabalho', 'Matutino (6h00-13h00)');
insert into operador (pk_operadorID, fk_maquinaID, nome, especializacao, historico, disponibilidade) values (27, 27, 'William Lewis', 'Ferramenteiro', 'Nervoso', 'Noturno (20h00-01h00)');
insert into operador (pk_operadorID, fk_maquinaID, nome, especializacao, historico, disponibilidade) values (28, 1, 'Sophie Adams', 'Ferramenteria', 'Positivo', 'Matutino (6h00-13h00)');
insert into operador (pk_operadorID, fk_maquinaID, nome, especializacao, historico, disponibilidade) values (29, 2, 'Benjamin Hall', 'Fresador', 'Seguro', 'Vespertino (12h00-21h00)');
insert into operador (pk_operadorID, fk_maquinaID, nome, especializacao, historico, disponibilidade) values (30, 3, 'Charlotte Young', 'Operador de CNC', 'Nervoso', 'Matutino (6h00-13h00)');
insert into operador (pk_operadorID, fk_maquinaID, nome, especializacao, historico, disponibilidade) values (31, 4, 'Daniel Turner', 'Ajustador', 'Positivo', 'Estágio');
insert into operador (pk_operadorID, fk_maquinaID, nome, especializacao, historico, disponibilidade) values (32, 5, 'Chloe Scott', 'Torneiro', 'Lider', 'Noturno (20h00-01h00)');
insert into operador (pk_operadorID, fk_maquinaID, nome, especializacao, historico, disponibilidade) values (33, 6, 'Alexander Walker', 'Ajustador', 'Cauteloso', 'Noturno (20h00-01h00)');
insert into operador (pk_operadorID, fk_maquinaID, nome, especializacao, historico, disponibilidade) values (34, 7, 'Grace King', 'Ferramenteiro', 'Lider', 'Noturno (20h00-01h00)');
insert into operador (pk_operadorID, fk_maquinaID, nome, especializacao, historico, disponibilidade) values (35, 8, 'Samuel Hill', 'Operador de CNC', '', 'Vespertino (12h00-21h00)');
insert into operador (pk_operadorID, fk_maquinaID, nome, especializacao, historico, disponibilidade) values (36, 9, 'Zoe Green', 'Fresador', 'Nervoso', 'Estágio');
insert into operador (pk_operadorID, fk_maquinaID, nome, especializacao, historico, disponibilidade) values (37, 10, 'Joseph Wright', 'Ajustador', 'Nervoso', 'Vespertino (12h00-21h00)');
insert into operador (pk_operadorID, fk_maquinaID, nome, especializacao, historico, disponibilidade) values (38, 11, 'Madison Carter', 'Torneiro', 'Resultados adequados', 'Noturno (20h00-01h00)');
insert into operador (pk_operadorID, fk_maquinaID, nome, especializacao, historico, disponibilidade) values (39, 12, 'Henry Phillips', 'Operador de Torno CNC', 'Prestativo', 'Matutino (6h00-13h00)');
insert into operador (pk_operadorID, fk_maquinaID, nome, especializacao, historico, disponibilidade) values (40, 13, 'Lily Evans', 'Torneiro', 'Problemas com Horário mas trabalhador', 'Matutino (6h00-13h00)');
insert into operador (pk_operadorID, fk_maquinaID, nome, especializacao, historico, disponibilidade) values (41, 14, 'Matthew Mitchell', 'Ferramenteiro', 'Resultados adequados', 'Noturno (20h00-01h00)');
insert into operador (pk_operadorID, fk_maquinaID, nome, especializacao, historico, disponibilidade) values (42, 15, 'Abigail Bailey', 'Ajustador', 'Positivo', 'Estágio');
insert into operador (pk_operadorID, fk_maquinaID, nome, especializacao, historico, disponibilidade) values (43, 16, 'Jack Murphy', 'Ferramenteiro', 'Resultados adequados', 'Matutino (6h00-13h00)');
insert into operador (pk_operadorID, fk_maquinaID, nome, especializacao, historico, disponibilidade) values (44, 17, 'Ella Reed', 'Fresador', 'Resultados adequados', 'Vespertino (12h00-21h00)');
insert into operador (pk_operadorID, fk_maquinaID, nome, especializacao, historico, disponibilidade) values (45, 18, 'Andrew Cook', 'Torneiro', 'Lider', 'Vespertino (12h00-21h00)');
insert into operador (pk_operadorID, fk_maquinaID, nome, especializacao, historico, disponibilidade) values (46, 19, 'Avery Collins', 'Ferramenteiro', 'Domina o setor', 'Vespertino (12h00-21h00)');
insert into operador (pk_operadorID, fk_maquinaID, nome, especializacao, historico, disponibilidade) values (47, 20, 'David Bell', 'Operador de CNC', 'Domina o setor', 'Vespertino (12h00-21h00)');
insert into operador (pk_operadorID, fk_maquinaID, nome, especializacao, historico, disponibilidade) values (48, 21, 'Scarlett Ward', 'Torneiro', 'Calculista', 'Noturno (20h00-01h00)');
insert into operador (pk_operadorID, fk_maquinaID, nome, especializacao, historico, disponibilidade) values (49, 22, 'James Foster', 'Fresador', 'Seguro', 'Matutino (6h00-13h00)');
insert into operador (pk_operadorID, fk_maquinaID, nome, especializacao, historico, disponibilidade) values (50, 23, 'Hannah Morgan', 'Torneiro', 'Calculista', 'Noturno (20h00-01h00)');
insert into operador (pk_operadorID, fk_maquinaID, nome, especializacao, historico, disponibilidade) values (51, 24, 'Michael Reed', 'Operador de Torno CNC', 'Cauteloso', 'Vespertino (12h00-21h00)');
insert into operador (pk_operadorID, fk_maquinaID, nome, especializacao, historico, disponibilidade) values (52, 25, 'Elizabeth Cox', 'Operador de Torno CNC', 'Seguro', 'Estágio');
insert into operador (pk_operadorID, fk_maquinaID, nome, especializacao, historico, disponibilidade) values (53, 26, 'Daniel Reed', 'Ajustador', '', 'Noturno (20h00-01h00)');
insert into operador (pk_operadorID, fk_maquinaID, nome, especializacao, historico, disponibilidade) values (54, 27, 'Victoria Rivera', 'Fresador', 'Seguro', 'Vespertino (12h00-21h00)');
insert into operador (pk_operadorID, fk_maquinaID, nome, especializacao, historico, disponibilidade) values (55, 1, 'Jackson Brooks', 'Ferramenteiro', 'Domina o setor', 'Noturno (20h00-01h00)');
insert into operador (pk_operadorID, fk_maquinaID, nome, especializacao, historico, disponibilidade) values (56, 2, 'Sofia Torres', 'Fresador', 'Cauteloso', 'Noturno (20h00-01h00)');
insert into operador (pk_operadorID, fk_maquinaID, nome, especializacao, historico, disponibilidade) values (57, 3, 'Christopher Price', 'Operador de CNC', 'Respeitoso', 'Matutino (6h00-13h00)');
insert into operador (pk_operadorID, fk_maquinaID, nome, especializacao, historico, disponibilidade) values (58, 4, 'Grace Ramirez', 'Ajustador', '', 'Vespertino (12h00-21h00)');
insert into operador (pk_operadorID, fk_maquinaID, nome, especializacao, historico, disponibilidade) values (59, 5, 'David Hughes', 'Torneiro', 'Resultados adequados', 'Vespertino (12h00-21h00)');
insert into operador (pk_operadorID, fk_maquinaID, nome, especializacao, historico, disponibilidade) values (60, 6, 'Aria Peterson', 'Fresador', 'Lider', 'Estágio');
insert into operador (pk_operadorID, fk_maquinaID, nome, especializacao, historico, disponibilidade) values (61, 7, 'John Ward', 'Ajustador', 'Lider', 'Vespertino (12h00-21h00)');
insert into operador (pk_operadorID, fk_maquinaID, nome, especializacao, historico, disponibilidade) values (62, 8, 'Nora Flores', 'Operador de CNC', 'Respeitoso', 'Matutino (6h00-13h00)');
insert into operador (pk_operadorID, fk_maquinaID, nome, especializacao, historico, disponibilidade) values (63, 9, 'Samuel Richardson', 'Fresador', 'Respeitoso', 'Noturno (20h00-01h00)');
insert into operador (pk_operadorID, fk_maquinaID, nome, especializacao, historico, disponibilidade) values (64, 10, 'Evelyn Simmons', 'Ajustador', 'Respeitoso', 'Vespertino (12h00-21h00)');
insert into operador (pk_operadorID, fk_maquinaID, nome, especializacao, historico, disponibilidade) values (65, 11, 'William Wood', 'Torneiro', 'Problemático', 'Noturno (20h00-01h00)');
insert into operador (pk_operadorID, fk_maquinaID, nome, especializacao, historico, disponibilidade) values (66, 12, 'Brooklyn Washington', 'Operador de Torno CNC', '', 'Noturno (20h00-01h00)');
insert into operador (pk_operadorID, fk_maquinaID, nome, especializacao, historico, disponibilidade) values (67, 13, 'Daniel Bennett', 'Torneiro', 'Resultados adequados', 'Estágio');
insert into operador (pk_operadorID, fk_maquinaID, nome, especializacao, historico, disponibilidade) values (68, 14, 'Zoey Barnes', 'Torneiro', 'Nervoso', 'Estágio');
insert into operador (pk_operadorID, fk_maquinaID, nome, especializacao, historico, disponibilidade) values (69, 15, 'Joseph Ross', 'Ferramenteiro', 'Respeitoso', 'Noturno (20h00-01h00)');
insert into operador (pk_operadorID, fk_maquinaID, nome, especializacao, historico, disponibilidade) values (70, 16, 'Harper Coleman', 'Ajustador', '', 'Matutino (6h00-13h00)');
insert into operador (pk_operadorID, fk_maquinaID, nome, especializacao, historico, disponibilidade) values (71, 17, 'Alexander Barnes', 'Operador de CNC', 'Problemas com Horário mas trabalhador', 'Vespertino (12h00-21h00)');
insert into operador (pk_operadorID, fk_maquinaID, nome, especializacao, historico, disponibilidade) values (72, 18, 'Addison Powell', 'Torneiro', 'Respeitoso', 'Vespertino (12h00-21h00)');
insert into operador (pk_operadorID, fk_maquinaID, nome, especializacao, historico, disponibilidade) values (73, 19, 'Matthew Coleman', 'Ferramenteiro', 'Cauteloso', 'Vespertino (12h00-21h00)');
insert into operador (pk_operadorID, fk_maquinaID, nome, especializacao, historico, disponibilidade) values (74, 20, 'Aubrey Reed', 'Operador de CNC', 'Seguro', 'Noturno (20h00-01h00)');
insert into operador (pk_operadorID, fk_maquinaID, nome, especializacao, historico, disponibilidade) values (75, 21, 'Daniel Mitchell', 'Torneiro', 'Prestativo', 'Noturno (20h00-01h00)');
insert into operador (pk_operadorID, fk_maquinaID, nome, especializacao, historico, disponibilidade) values (76, 22, 'Stella Jenkins', 'Ferramenteiro', 'Respeitoso', 'Estágio');
insert into operador (pk_operadorID, fk_maquinaID, nome, especializacao, historico, disponibilidade) values (77, 23, 'James Phillips', 'Torneiro', 'Resultados adequados', 'Matutino (6h00-13h00)');
insert into operador (pk_operadorID, fk_maquinaID, nome, especializacao, historico, disponibilidade) values (78, 24, 'Natalie Perry', 'Operador de Torno CNC', 'Respeitoso', 'Matutino (6h00-13h00)');
insert into operador (pk_operadorID, fk_maquinaID, nome, especializacao, historico, disponibilidade) values (79, 25, 'David Turner', 'Operador de Torno CNC', 'Dificuldade de interagir', 'Noturno (20h00-01h00)');
insert into operador (pk_operadorID, fk_maquinaID, nome, especializacao, historico, disponibilidade) values (80, 26, 'Lillian Cox', 'Ajustador', 'Domina o setor', 'Vespertino (12h00-21h00)');
insert into operador (pk_operadorID, fk_maquinaID, nome, especializacao, historico, disponibilidade) values (81, 27, 'Samuel Ward', 'Fresador', 'Problemático', 'Matutino (6h00-13h00)');

insert into mp (pk_manutencaoID, fk_maquinaID, tipo, data_programada, responsavel) values (1, 1, 'Detectiva', '2024-01-21', 'Alberto Leite');
insert into mp (pk_manutencaoID, fk_maquinaID, tipo, data_programada, responsavel) values (2, 2, 'Preditiva', '2024-03-27', 'Braga Neto');
insert into mp (pk_manutencaoID, fk_maquinaID, tipo, data_programada, responsavel) values (3, 3, 'Preditiva', '-202403-08', 'Chile de Assis');
insert into mp (pk_manutencaoID, fk_maquinaID, tipo, data_programada, responsavel) values (4, 4, 'Preventiva por uso', '2024-02-13', 'Roberto Lima');
insert into mp (pk_manutencaoID, fk_maquinaID, tipo, data_programada, responsavel) values (5, 5, 'Preventiva por uso', '2024-03-19', 'Braga Neto');
insert into mp (pk_manutencaoID, fk_maquinaID, tipo, data_programada, responsavel) values (6, 6, 'Detectiva', '2024-02-25', 'Braga Neto');
insert into mp (pk_manutencaoID, fk_maquinaID, tipo, data_programada, responsavel) values (7, 7, 'Corretiva', '2024-02-24', 'Braga Neto');
insert into mp (pk_manutencaoID, fk_maquinaID, tipo, data_programada, responsavel) values (8, 8, 'Preventiva por tempo', '2024-01-22', 'Alberto Leite');
insert into mp (pk_manutencaoID, fk_maquinaID, tipo, data_programada, responsavel) values (9, 9, 'Preventiva por uso', '2024-03-25', 'Chile de Assis');
insert into mp (pk_manutencaoID, fk_maquinaID, tipo, data_programada, responsavel) values (10, 10, 'Preventiva por tempo', '2024-01-19', 'Jackson Vieira');
insert into mp (pk_manutencaoID, fk_maquinaID, tipo, data_programada, responsavel) values (11, 11, 'Corretiva', '2024-01-30', 'Alberto Leite');
insert into mp (pk_manutencaoID, fk_maquinaID, tipo, data_programada, responsavel) values (12, 12, 'Corretiva', '19-02-19', 'Braga Neto');
insert into mp (pk_manutencaoID, fk_maquinaID, tipo, data_programada, responsavel) values (13, 13, 'Corretiva', '2024-03-21', 'Jackson Vieira');
insert into mp (pk_manutencaoID, fk_maquinaID, tipo, data_programada, responsavel) values (14, 14, 'Preventiva por tempo', '2024-02-05', 'Jackson Vieira');
insert into mp (pk_manutencaoID, fk_maquinaID, tipo, data_programada, responsavel) values (15, 15, 'Corretiva', '2024-03-10', 'Chile de Assis');
insert into mp (pk_manutencaoID, fk_maquinaID, tipo, data_programada, responsavel) values (16, 16, 'Detectiva', '2024-03-22', 'Braga Neto');
insert into mp (pk_manutencaoID, fk_maquinaID, tipo, data_programada, responsavel) values (17, 17, 'Preventiva por uso', '2024-01-06', 'Alberto Leite');
insert into mp (pk_manutencaoID, fk_maquinaID, tipo, data_programada, responsavel) values (18, 18, 'Preventiva por tempo', '2024-01-28', 'Jackson Vieira');
insert into mp (pk_manutencaoID, fk_maquinaID, tipo, data_programada, responsavel) values (19, 19, 'Corretiva', '2024-02-16', 'Jackson Vieira');
insert into mp (pk_manutencaoID, fk_maquinaID, tipo, data_programada, responsavel) values (20, 20, 'Preditiva', '2024-01-24', 'Chile de Assis');
insert into mp (pk_manutencaoID, fk_maquinaID, tipo, data_programada, responsavel) values (21, 21, 'Preventiva por tempo', '2024-02-29', 'Braga Neto');
insert into mp (pk_manutencaoID, fk_maquinaID, tipo, data_programada, responsavel) values (22, 22, 'Preventiva por uso', '2024-02-24', 'Alberto Leite');
insert into mp (pk_manutencaoID, fk_maquinaID, tipo, data_programada, responsavel) values (23, 23, 'Preventiva por tempo', '2024-02-01', 'Braga Neto');
insert into mp (pk_manutencaoID, fk_maquinaID, tipo, data_programada, responsavel) values (24, 24, 'Preditiva', '2024-03-09', 'Jackson Vieira');
insert into mp (pk_manutencaoID, fk_maquinaID, tipo, data_programada, responsavel) values (25, 25, 'Detectiva', '2024-02-07', 'Chile de Assis');
insert into mp (pk_manutencaoID, fk_maquinaID, tipo, data_programada, responsavel) values (26, 26, 'Preventiva por uso', '2024-01-08', 'Braga Neto');
insert into mp (pk_manutencaoID, fk_maquinaID, tipo, data_programada, responsavel) values (27, 27, 'Detectiva', '2023-01-07', 'Roberto Lima');

insert into hist_manutencao (pk_manutencaoID, fk_maquinaID, tipo, data_manutencao, custos) values (1, 1, 'Detectiva', '2024-01-21', 12311.03);
insert into hist_manutencao (pk_manutencaoID, fk_maquinaID, tipo, data_manutencao, custos) values (2, 2, 'Preditiva', '2024-03-27', 9845.94);
insert into hist_manutencao (pk_manutencaoID, fk_maquinaID, tipo, data_manutencao, custos) values (3, 3, 'Preditiva', '2024-03-08', 7935.99);
insert into hist_manutencao (pk_manutencaoID, fk_maquinaID, tipo, data_manutencao, custos) values (4, 4, 'Preventiva por uso', '2024-02-13', 3458.92);
insert into hist_manutencao (pk_manutencaoID, fk_maquinaID, tipo, data_manutencao, custos) values (5, 5, 'Preventiva por uso', '2024-03-19', 4273.85);
insert into hist_manutencao (pk_manutencaoID, fk_maquinaID, tipo, data_manutencao, custos) values (6, 6, 'Detectiva', '2024-02-25', 3701.72);
insert into hist_manutencao (pk_manutencaoID, fk_maquinaID, tipo, data_manutencao, custos) values (7, 7, 'Corretiva', '2024-02-24', 4622.44);
insert into hist_manutencao (pk_manutencaoID, fk_maquinaID, tipo, data_manutencao, custos) values (8, 8, 'Preventiva por tempo', '2024-01-22', 3650.74);
insert into hist_manutencao (pk_manutencaoID, fk_maquinaID, tipo, data_manutencao, custos) values (9, 9, 'Preventiva por uso', '2024-03-25', 8551.08);
insert into hist_manutencao (pk_manutencaoID, fk_maquinaID, tipo, data_manutencao, custos) values (10, 10, 'Preventiva por tempo', '2024-01-19', 7393.95);
insert into hist_manutencao (pk_manutencaoID, fk_maquinaID, tipo, data_manutencao, custos) values (11, 11, 'Corretiva', '2024-01-30', 5904.64);
insert into hist_manutencao (pk_manutencaoID, fk_maquinaID, tipo, data_manutencao, custos) values (12, 12, 'Corretiva', '2024-02-19', 5591.78);
insert into hist_manutencao (pk_manutencaoID, fk_maquinaID, tipo, data_manutencao, custos) values (13, 13, 'Corretiva', '2024-03-21', 2291.05);
insert into hist_manutencao (pk_manutencaoID, fk_maquinaID, tipo, data_manutencao, custos) values (14, 14, 'Preventiva por tempo', '2024-02-05', 1824.16);
insert into hist_manutencao (pk_manutencaoID, fk_maquinaID, tipo, data_manutencao, custos) values (15, 15, 'Corretiva', '2024-03-22', 2131.22);
insert into hist_manutencao (pk_manutencaoID, fk_maquinaID, tipo, data_manutencao, custos) values (16, 16, 'Detectiva', '2024-01-06', 3586.49);
insert into hist_manutencao (pk_manutencaoID, fk_maquinaID, tipo, data_manutencao, custos) values (17, 17, 'Preventiva por uso', '2024-01-08', 688.6);
insert into hist_manutencao (pk_manutencaoID, fk_maquinaID, tipo, data_manutencao, custos) values (18, 18, 'Preventiva por tempo', '2024-02-16', 9184.07);
insert into hist_manutencao (pk_manutencaoID, fk_maquinaID, tipo, data_manutencao, custos) values (19, 19, 'Corretiva', '2024-01-24', 1656.68);
insert into hist_manutencao (pk_manutencaoID, fk_maquinaID, tipo, data_manutencao, custos) values (20, 20, 'Preditiva', '2024-02-29', 13065.95);
insert into hist_manutencao (pk_manutencaoID, fk_maquinaID, tipo, data_manutencao, custos) values (21, 21, 'Preventiva por tempo', '2024-02-24', 833.74);
insert into hist_manutencao (pk_manutencaoID, fk_maquinaID, tipo, data_manutencao, custos) values (22, 22, 'Preventiva por uso', '2024-02-01', 1485.56);
insert into hist_manutencao (pk_manutencaoID, fk_maquinaID, tipo, data_manutencao, custos) values (23, 23, 'Preventiva por tempo', '2024-03-09', 1717.18);
insert into hist_manutencao (pk_manutencaoID, fk_maquinaID, tipo, data_manutencao, custos) values (24, 24, 'Preditiva', '2024-02-07', 7695.51);
insert into hist_manutencao (pk_manutencaoID, fk_maquinaID, tipo, data_manutencao, custos) values (25, 25, 'Detectiva', '2024-01-08', 4468.95);
insert into hist_manutencao (pk_manutencaoID, fk_maquinaID, tipo, data_manutencao, custos) values (26, 26, 'Preventiva por uso', '2024-03-07', 1097.9);
insert into hist_manutencao (pk_manutencaoID, fk_maquinaID, tipo, data_manutencao, custos) values (27, 27, 'Detectiva', '2024-11-04', 6085.07);
insert into hist_manutencao (pk_manutencaoID, fk_maquinaID, tipo, data_manutencao, custos) values (28, 1, 'Preventiva por tempo', '2023-11-04', 2837.76);
insert into hist_manutencao (pk_manutencaoID, fk_maquinaID, tipo, data_manutencao, custos) values (29, 2, 'Corretiva', '2023-10-12', 11736.06);
insert into hist_manutencao (pk_manutencaoID, fk_maquinaID, tipo, data_manutencao, custos) values (30, 3, 'Preventiva por uso', '2023-09-24', 989.54);
insert into hist_manutencao (pk_manutencaoID, fk_maquinaID, tipo, data_manutencao, custos) values (31, 4, 'Preventiva por uso', '2023-11-19', 1236.86);
insert into hist_manutencao (pk_manutencaoID, fk_maquinaID, tipo, data_manutencao, custos) values (32, 5, 'Preventiva por uso', '2023-11-24', 1473.42);
insert into hist_manutencao (pk_manutencaoID, fk_maquinaID, tipo, data_manutencao, custos) values (33, 6, 'Preditiva', '2023-12-30', 7736.19);
insert into hist_manutencao (pk_manutencaoID, fk_maquinaID, tipo, data_manutencao, custos) values (34, 7, 'Corretiva', '2023-12-30', 8555.08);
insert into hist_manutencao (pk_manutencaoID, fk_maquinaID, tipo, data_manutencao, custos) values (35, 8, 'Detectiva', '2023-12-26', 7714.63);
insert into hist_manutencao (pk_manutencaoID, fk_maquinaID, tipo, data_manutencao, custos) values (36, 9, 'Corretiva', '2023-12-16', 8928.95);
insert into hist_manutencao (pk_manutencaoID, fk_maquinaID, tipo, data_manutencao, custos) values (37, 10, 'Preventiva por tempo', '2023-09-22', 1070.72);
insert into hist_manutencao (pk_manutencaoID, fk_maquinaID, tipo, data_manutencao, custos) values (38, 11, 'Corretiva', '2023-09-22', 5042.3);
insert into hist_manutencao (pk_manutencaoID, fk_maquinaID, tipo, data_manutencao, custos) values (39, 12, 'Corretiva', '2023-09-26', 1295.71);
insert into hist_manutencao (pk_manutencaoID, fk_maquinaID, tipo, data_manutencao, custos) values (40, 13, 'Detectiva', '2023-10-11', 5688.16);
insert into hist_manutencao (pk_manutencaoID, fk_maquinaID, tipo, data_manutencao, custos) values (41, 14, 'Corretiva', '2023-11-25', 3439.87);
insert into hist_manutencao (pk_manutencaoID, fk_maquinaID, tipo, data_manutencao, custos) values (42, 15, 'Preventiva por tempo', '2023-10-09', 5913.5);
insert into hist_manutencao (pk_manutencaoID, fk_maquinaID, tipo, data_manutencao, custos) values (43, 16, 'Preventiva por tempo', '2023-11-24', 804.36);
insert into hist_manutencao (pk_manutencaoID, fk_maquinaID, tipo, data_manutencao, custos) values (44, 17, 'Preventiva por uso', '2023-09-03', 1136.66);
insert into hist_manutencao (pk_manutencaoID, fk_maquinaID, tipo, data_manutencao, custos) values (45, 18, 'Preventiva por tempo', '2023-09-09', 1115.78);
insert into hist_manutencao (pk_manutencaoID, fk_maquinaID, tipo, data_manutencao, custos) values (46, 19, 'Preditiva', '2023-09-16', 1005.69);
insert into hist_manutencao (pk_manutencaoID, fk_maquinaID, tipo, data_manutencao, custos) values (47, 20, 'Preditiva', '2023-08-21', 1534.02);
insert into hist_manutencao (pk_manutencaoID, fk_maquinaID, tipo, data_manutencao, custos) values (48, 21, 'Corretiva', '2023-08-13', 761.51);
insert into hist_manutencao (pk_manutencaoID, fk_maquinaID, tipo, data_manutencao, custos) values (49, 22, 'Preventiva por tempo', '2023-10-22', 4898.45);
insert into hist_manutencao (pk_manutencaoID, fk_maquinaID, tipo, data_manutencao, custos) values (50, 23, 'Corretiva', '2023-12-12', 12051.08);
insert into hist_manutencao (pk_manutencaoID, fk_maquinaID, tipo, data_manutencao, custos) values (51, 24, 'Detectiva', '2023-10-21', 4094.68);
insert into hist_manutencao (pk_manutencaoID, fk_maquinaID, tipo, data_manutencao, custos) values (52, 25, 'Preventiva por uso', '2023-12-12', 7936.15);
insert into hist_manutencao (pk_manutencaoID, fk_maquinaID, tipo, data_manutencao, custos) values (53, 26, 'Detectiva', '2023-09-10', 7023.3);
insert into hist_manutencao (pk_manutencaoID, fk_maquinaID, tipo, data_manutencao, custos) values (54, 27, 'Preventiva por uso', '2023-12-03', 2687.05);

insert into inspecao (pk_inspecaoID, resultado, data_inspecao , observacoes) values (1, 'Satisfatório', '2023-11-29', 'Adequada');
insert into inspecao (pk_inspecaoID, resultado, data_inspecao, observacoes) values (2, 'Satisfatório', '2023-12-06', 'Ótima rugosidade');
insert into inspecao (pk_inspecaoID, resultado, data_inspecao, observacoes) values (3, 'Satisfatório', '2023-10-30', 'Ótima rugosidade');
insert into inspecao (pk_inspecaoID, resultado, data_inspecao, observacoes) values (4, 'Satisfatório', '2023-11-13', 'Ótima rugosidade');
insert into inspecao (pk_inspecaoID, resultado, data_inspecao, observacoes) values (5, 'Satisfatório', '2023-12-01', 'Adequada');
insert into inspecao (pk_inspecaoID, resultado, data_inspecao, observacoes) values (6, 'Não Satisfatório', '2023-12-03', 'Mal trabalhada');
insert into inspecao (pk_inspecaoID, resultado, data_inspecao, observacoes) values (7, 'Satisfatório', '2023-09-21', 'Ótima rugosidade');
insert into inspecao (pk_inspecaoID, resultado, data_inspecao, observacoes) values (8, 'Satisfatório', '2023-10-05', 'Ótima rugosidade');
insert into inspecao (pk_inspecaoID, resultado, data_inspecao, observacoes) values (9, 'Não Satisfatório', '2023-11-13', 'Falta acabamento');
insert into inspecao (pk_inspecaoID, resultado, data_inspecao, observacoes) values (10, 'Não Satisfatório', '2023-11-18', 'Erro de rugosidade');
insert into inspecao (pk_inspecaoID, resultado, data_inspecao, observacoes) values (11, 'Não Satisfatório', '2023-10-22', 'Erro de medida');
insert into inspecao (pk_inspecaoID, resultado, data_inspecao, observacoes) values (12, 'Satisfatório', '2023-11-12', 'Ótima rugosidade');
insert into inspecao (pk_inspecaoID, resultado, data_inspecao, observacoes) values (13, 'Satisfatório', '2023-10-06', 'Ótima rugosidade');
insert into inspecao (pk_inspecaoID, resultado, data_inspecao, observacoes) values (14, 'Satisfatório', '2023-10-12', 'Acabamento Impecável');
insert into inspecao (pk_inspecaoID, resultado, data_inspecao, observacoes) values (15, 'Satisfatório', '2023-10-24', 'Mal trabalhada');
insert into inspecao (pk_inspecaoID, resultado, data_inspecao, observacoes) values (16, 'Satisfatório', '2023-11-18', 'Acabamento Impecável');
insert into inspecao (pk_inspecaoID, resultado, data_inspecao, observacoes) values (17, 'Satisfatório', '2023-10-18', 'Adequada');
insert into inspecao (pk_inspecaoID, resultado, data_inspecao, observacoes) values (18, 'Satisfatório', '2023-11-27', 'Ótima rugosidade');
insert into inspecao (pk_inspecaoID, resultado, data_inspecao, observacoes) values (19, 'Satisfatório', '2023-10-29', 'Acabamento Impecável');
insert into inspecao (pk_inspecaoID, resultado, data_inspecao, observacoes) values (20, 'Satisfatório', '2023-12-15', 'Adequada');
insert into inspecao (pk_inspecaoID, resultado, data_inspecao, observacoes) values (21, 'Satisfatório', '2023-10-30', 'Acabamento Impecável');
insert into inspecao (pk_inspecaoID, resultado, data_inspecao, observacoes) values (22, 'Satisfatório', '2023-11-09', 'Adequada');
insert into inspecao (pk_inspecaoID, resultado, data_inspecao, observacoes) values (23, 'Satisfatório', '2023-12-19', 'Ótima rugosidade');
insert into inspecao (pk_inspecaoID, resultado, data_inspecao, observacoes) values (24, 'Satisfatório', '2023-10-03','Acabamento Impecável');
insert into inspecao (pk_inspecaoID, resultado, data_inspecao, observacoes) values (25, 'Satisfatório', '2023-10-28', 'Acabamento Impecável');
insert into inspecao (pk_inspecaoID, resultado, data_inspecao, observacoes) values (26, 'Satisfatório', '2023-11-04', 'Ótima rugosidade');
insert into inspecao (pk_inspecaoID, resultado, data_inspecao, observacoes) values (27, 'Satisfatório', '2023-11-01', 'Ótima rugosidade');
insert into inspecao (pk_inspecaoID, resultado, data_inspecao, observacoes) values (28, 'Satisfatório', '2023-10-23', 'Ótima rugosidade');
insert into inspecao (pk_inspecaoID, resultado, data_inspecao, observacoes) values (29, 'Satisfatório', '2023-11-10', 'Acabamento Impecável');
insert into inspecao (pk_inspecaoID, resultado, data_inspecao, observacoes) values (30, 'Satisfatório', '2023-11-28', 'Ótima rugosidade');
insert into inspecao (pk_inspecaoID, resultado, data_inspecao, observacoes) values (31, 'Satisfatório', '2023-10-19', 'Ótima rugosidade');
insert into inspecao (pk_inspecaoID, resultado, data_inspecao, observacoes) values (32, 'Satisfatório', '2023-10-25', 'Acabamento Impecável');
insert into inspecao (pk_inspecaoID, resultado, data_inspecao, observacoes) values (33, 'Satisfatório', '2023-10-30', 'Ótima rugosidade');
insert into inspecao (pk_inspecaoID, resultado, data_inspecao, observacoes) values (34, 'Não Satisfatório', '2023-12-08', 'Mal trabalhada');
insert into inspecao (pk_inspecaoID, resultado, data_inspecao, observacoes) values (35, 'Satisfatório', '2023-11-15', 'Acabamento Impecável');
insert into inspecao (pk_inspecaoID, resultado, data_inspecao, observacoes) values (36, 'Satisfatório', '2023-11-09', 'Ótima rugosidade');
insert into inspecao (pk_inspecaoID, resultado, data_inspecao, observacoes) values (37, 'Satisfatório', '2023-11-30', 'Adequada');
insert into inspecao (pk_inspecaoID, resultado, data_inspecao, observacoes) values (38, 'Satisfatório', '2023-11-05', 'Acabamento Impecável');
insert into inspecao (pk_inspecaoID, resultado, data_inspecao, observacoes) values (39, 'Satisfatório', '2023-09-30', 'Acabamento Impecável');
insert into inspecao (pk_inspecaoID, resultado, data_inspecao, observacoes) values (40, 'Satisfatório', '2023-10-24', 'Adequada');
insert into inspecao (pk_inspecaoID, resultado, data_inspecao, observacoes) values (41, 'Satisfatório', '2023-09-30', 'Adequada');
insert into inspecao (pk_inspecaoID, resultado, data_inspecao, observacoes) values (42, 'Satisfatório', '2023-10-16', 'Ótima rugosidade');
insert into inspecao (pk_inspecaoID, resultado, data_inspecao, observacoes) values (43, 'Satisfatório', '2023-11-08', 'Ótima rugosidade');
insert into inspecao (pk_inspecaoID, resultado, data_inspecao, observacoes) values (44, 'Satisfatório', '2023-10-13', 'Ótima rugosidade');
insert into inspecao (pk_inspecaoID, resultado, data_inspecao, observacoes) values (45, 'Satisfatório', '2023-10-30', 'Adequada');
insert into inspecao (pk_inspecaoID, resultado, data_inspecao, observacoes) values (46, 'Satisfatório', '2023-10-17', 'Ótima rugosidade');
insert into inspecao (pk_inspecaoID, resultado, data_inspecao, observacoes) values (47, 'Satisfatório', '2023-10-26', 'Adequada');
insert into inspecao (pk_inspecaoID, resultado, data_inspecao, observacoes) values (48, 'Satisfatório', '2023-10-29', 'Acabamento Impecável');
insert into inspecao (pk_inspecaoID, resultado, data_inspecao, observacoes) values (49, 'Satisfatório', '2023-10-30', 'Ótima rugosidade');
insert into inspecao (pk_inspecaoID, resultado, data_inspecao, observacoes) values (50, 'Satisfatório', '2023-10-28', 'Acabamento Impecável');
insert into inspecao (pk_inspecaoID, resultado, data_inspecao, observacoes) values (51, 'Satisfatório', '2023-11-07', 'Ótima rugosidade');
insert into inspecao (pk_inspecaoID, resultado, data_inspecao, observacoes) values (52, 'Satisfatório', '2023-12-05', 'Acabamento Impecável');
insert into inspecao (pk_inspecaoID, resultado, data_inspecao, observacoes) values (53, 'Satisfatório', '2023-10-15', 'Acabamento Impecável');
insert into inspecao (pk_inspecaoID, resultado, data_inspecao, observacoes) values (54, 'Satisfatório', '2023-10-08', 'Ótima rugosidade');
insert into inspecao (pk_inspecaoID, resultado, data_inspecao, observacoes) values (55, 'Satisfatório', '2023-10-22', 'Adequada');
insert into inspecao (pk_inspecaoID, resultado, data_inspecao, observacoes) values (56, 'Satisfatório', '2023-11-05', 'Acabamento Impecável');
insert into inspecao (pk_inspecaoID, resultado, data_inspecao, observacoes) values (57, 'Satisfatório', '2023-10-16', 'Acabamento Impecável');
insert into inspecao (pk_inspecaoID, resultado, data_inspecao, observacoes) values (58, 'Satisfatório', '2023-11-25', 'Ótima rugosidade');
insert into inspecao (pk_inspecaoID, resultado, data_inspecao, observacoes) values (59, 'Satisfatório', '2023-11-25', 'Adequada');
insert into inspecao (pk_inspecaoID, resultado, data_inspecao, observacoes) values (60, 'Satisfatório', '2023-11-27', 'Acabamento Impecável');
insert into inspecao (pk_inspecaoID, resultado, data_inspecao, observacoes) values (61, 'Satisfatório', '2023-10-25', 'Adequada');
insert into inspecao (pk_inspecaoID, resultado, data_inspecao, observacoes) values (62, 'Satisfatório', '2023-11-22', 'Adequada');
insert into inspecao (pk_inspecaoID, resultado, data_inspecao, observacoes) values (63, 'Satisfatório', '2023-10-28', 'Adequada');
insert into inspecao (pk_inspecaoID, resultado, data_inspecao, observacoes) values (64, 'Satisfatório', '2023-11-12', 'Ótima rugosidade');
insert into inspecao (pk_inspecaoID, resultado, data_inspecao, observacoes) values (65, 'Satisfatório', '2023-10-10', 'Acabamento Impecável');
insert into inspecao (pk_inspecaoID, resultado, data_inspecao, observacoes) values (66, 'Não Satisfatório', '2023-12-01', 'Erro de medida');
insert into inspecao (pk_inspecaoID, resultado, data_inspecao, observacoes) values (67, 'Satisfatório', '2023-12-19', 'Ótima rugosidade');
insert into inspecao (pk_inspecaoID, resultado, data_inspecao, observacoes) values (68, 'Satisfatório', '2023-11-09', 'Ótima rugosidade');
insert into inspecao (pk_inspecaoID, resultado, data_inspecao, observacoes) values (69, 'Satisfatório', '2023-11-20', 'Ótima rugosidade');
insert into inspecao (pk_inspecaoID, resultado, data_inspecao, observacoes) values (70, 'Satisfatório', '2023-12-04', 'Ótima rugosidade');
insert into inspecao (pk_inspecaoID, resultado, data_inspecao, observacoes) values (71, 'Satisfatório', '2023-11-08', 'Acabamento Impecável');
insert into inspecao (pk_inspecaoID, resultado, data_inspecao, observacoes) values (72, 'Satisfatório', '2023-11-16', 'Ótima rugosidade');
insert into inspecao (pk_inspecaoID, resultado, data_inspecao, observacoes) values (73, 'Satisfatório', '2023-11-07', 'Ótima rugosidade');
insert into inspecao (pk_inspecaoID, resultado, data_inspecao, observacoes) values (74, 'Satisfatório', '2023-11-01', 'Adequada');
insert into inspecao (pk_inspecaoID, resultado, data_inspecao, observacoes) values (75, 'Satisfatório', '2023-12-25', 'Ótima rugosidade');
insert into inspecao (pk_inspecaoID, resultado, data_inspecao, observacoes) values (76, 'Satisfatório', '2023-12-01', 'Ótima rugosidade');
insert into inspecao (pk_inspecaoID, resultado, data_inspecao, observacoes) values (77, 'Satisfatório', '2023-11-29', 'Ótima rugosidade');
insert into inspecao (pk_inspecaoID, resultado, data_inspecao, observacoes) values (78, 'Satisfatório', '2023-12-10', 'Ótima rugosidade');
insert into inspecao (pk_inspecaoID, resultado, data_inspecao, observacoes) values (79, 'Satisfatório', '2023-12-08', 'Acabamento Impecável');
insert into inspecao (pk_inspecaoID, resultado, data_inspecao, observacoes) values (80, 'Satisfatório', '2023-10-29', 'Ótima rugosidade');
insert into inspecao (pk_inspecaoID, resultado, data_inspecao, observacoes) values (81, 'Satisfatório', '2023-10-12', 'Ótima rugosidade');
insert into inspecao (pk_inspecaoID, resultado, data_inspecao, observacoes) values (82, 'Não Satisfatório', '2023-11-30', 'Mal trabalhada');
insert into inspecao (pk_inspecaoID, resultado, data_inspecao, observacoes) values (83, 'Satisfatório', '2023-10-13', 'Adequada');
insert into inspecao (pk_inspecaoID, resultado, data_inspecao, observacoes) values (84, 'Satisfatório', '2023-10-27', 'Acabamento Impecável');
insert into inspecao (pk_inspecaoID, resultado, data_inspecao, observacoes) values (85, 'Não Satisfatório', '2023-10-07', 'Mal trabalhada');
insert into inspecao (pk_inspecaoID, resultado, data_inspecao, observacoes) values (86, 'Satisfatório', '2023-10-25', 'Adequada');
insert into inspecao (pk_inspecaoID, resultado, data_inspecao, observacoes) values (87, 'Satisfatório', '2023-11-24', 'Ótima rugosidade');
insert into inspecao (pk_inspecaoID, resultado, data_inspecao, observacoes) values (88, 'Satisfatório', '2023-11-18', 'Ótima rugosidade');
insert into inspecao (pk_inspecaoID, resultado, data_inspecao, observacoes) values (89, 'Não Satisfatório', '2023-11-23', 'Erro de medida');
insert into inspecao (pk_inspecaoID, resultado, data_inspecao, observacoes) values (90, 'Não Satisfatório', '2023-12-01', 'Falta de acabamento');
insert into inspecao (pk_inspecaoID, resultado, data_inspecao, observacoes) values (91, 'Satisfatório', '2023-10-13', 'Ótima rugosidade');
insert into inspecao (pk_inspecaoID, resultado, data_inspecao, observacoes) values (92, 'Satisfatório', '2023-11-29', 'Acabamento Impecável');
insert into inspecao (pk_inspecaoID, resultado, data_inspecao, observacoes) values (93, 'Satisfatório', '2023-12-06', 'Adequada');
insert into inspecao (pk_inspecaoID, resultado, data_inspecao, observacoes) values (94, 'Não Satisfatório', '2023-11-26', 'Erro de rugosidade');
insert into inspecao (pk_inspecaoID, resultado, data_inspecao, observacoes) values (95, 'Satisfatório', '2023-12-15', 'Ótima rugosidade');
insert into inspecao (pk_inspecaoID, resultado, data_inspecao, observacoes) values (96, 'Satisfatório', '2023-10-29', 'Ótima rugosidade');
insert into inspecao (pk_inspecaoID, resultado, data_inspecao, observacoes) values (97, 'Não Satisfatório', '2023-11-29', 'Erro de medida');
insert into inspecao (pk_inspecaoID, resultado, data_inspecao, observacoes) values (98, 'Não Satisfatório', '2023-11-27', 'Erro de medida');
insert into inspecao (pk_inspecaoID, resultado, data_inspecao, observacoes) values (99, 'Não Satisfatório', '2023-12-01', 'Falta Acabamento');
insert into inspecao (pk_inspecaoID, resultado, data_inspecao, observacoes) values (100, 'Satisfatório', '2023-10-22', 'Acabamento Impecável');
insert into inspecao (pk_inspecaoID, resultado, data_inspecao, observacoes) values (101, 'Satisfatório', '2023-11-01', 'Ótima rugosidade');
insert into inspecao (pk_inspecaoID, resultado, data_inspecao, observacoes) values (102, 'Não Satisfatório', '2023-11-30', 'Erro de rugosidade');
insert into inspecao (pk_inspecaoID, resultado, data_inspecao, observacoes) values (103, 'Não Satisfatório', '2023-12-05', 'Erro de rugosidade');
insert into inspecao (pk_inspecaoID, resultado, data_inspecao, observacoes) values (104, 'Não Satisfatório', '2023-12-04', 'Erro de rugosidade');
insert into inspecao (pk_inspecaoID, resultado, data_inspecao, observacoes) values (105, 'Satisfatório', '2023-10-30', 'Acabamento Impecável');
insert into inspecao (pk_inspecaoID, resultado, data_inspecao, observacoes) values (106, 'Satisfatório', '2023-10-24', 'Adequada');
insert into inspecao (pk_inspecaoID, resultado, data_inspecao, observacoes) values (107, 'Satisfatório', '2023-10-25', 'Ótima rugosidade');
insert into inspecao (pk_inspecaoID, resultado, data_inspecao, observacoes) values (108, 'Satisfatório', '2023-10-26', 'Ótima rugosidade');
insert into inspecao (pk_inspecaoID, resultado, data_inspecao, observacoes) values (109, 'Satisfatório', '2023-11-10', 'Ótima rugosidade');
insert into inspecao (pk_inspecaoID, resultado, data_inspecao, observacoes) values (110, 'Não Satisfatório', '2023-12-08', 'Mal trabalhada');
insert into inspecao (pk_inspecaoID, resultado, data_inspecao, observacoes) values (111, 'Satisfatório', '2023-11-28', 'Adequada');
insert into inspecao (pk_inspecaoID, resultado, data_inspecao, observacoes) values (112, 'Satisfatório', '2023-10-27', 'Adequada');
insert into inspecao (pk_inspecaoID, resultado, data_inspecao, observacoes) values (113, 'Satisfatório', '2023-10-16', 'Acabamento Impecável');
insert into inspecao (pk_inspecaoID, resultado, data_inspecao, observacoes) values (114, 'Satisfatório', '2023-10-15', 'Acabamento Impecável');
insert into inspecao (pk_inspecaoID, resultado, data_inspecao, observacoes) values (115, 'Satisfatório', '2023-11-20', 'Ótima rugosidade');
insert into inspecao (pk_inspecaoID, resultado, data_inspecao, observacoes) values (116, 'Não Satisfatório', '2023-12-10', 'Medidas erradas');
insert into inspecao (pk_inspecaoID, resultado, data_inspecao, observacoes) values (117, 'Satisfatório', '2023-11-25', 'Acabamento Impecável');
insert into inspecao (pk_inspecaoID, resultado, data_inspecao, observacoes) values (118, 'Não Satisfatório', '2023-12-10', 'Mal trabalhada');
insert into inspecao (pk_inspecaoID, resultado, data_inspecao, observacoes) values (119, 'Não Satisfatório', '2023-12-09', 'Falta acabamento');
insert into inspecao (pk_inspecaoID, resultado, data_inspecao, observacoes) values (120, 'Satisfatório', '2023-12-09', 'Adequada');
insert into inspecao (pk_inspecaoID, resultado, data_inspecao, observacoes) values (121, 'Satisfatório', '2023-12-18', 'Ótima rugosidade');
insert into inspecao (pk_inspecaoID, resultado, data_inspecao, observacoes) values (122, 'Não Satisfatório', '2023-11-27', 'Erro de Rugosidade');
insert into inspecao (pk_inspecaoID, resultado, data_inspecao, observacoes) values (123, 'Não Satisfatório', '2023-12-12', 'Mal trabalhada');
insert into inspecao (pk_inspecaoID, resultado, data_inspecao, observacoes) values (124, 'Satisfatório', '2023-11-28', 'Adequada');
insert into inspecao (pk_inspecaoID, resultado, data_inspecao, observacoes) values (125, 'Satisfatório', '2023-12-06', 'Acabamento Impecável');
insert into inspecao (pk_inspecaoID, resultado, data_inspecao, observacoes) values (126, 'Satisfatório', '2023-12-17', 'Ótima rugosidade');
insert into inspecao (pk_inspecaoID, resultado, data_inspecao, observacoes) values (127, 'Satisfatório', '2023-11-15', 'Acabamento Impecável');
insert into inspecao (pk_inspecaoID, resultado, data_inspecao, observacoes) values (128, 'Satisfatório', '2023-11-26', 'Adequada');
insert into inspecao (pk_inspecaoID, resultado, data_inspecao, observacoes) values (129, 'Satisfatório', '2023-11-05', 'Adequada');
insert into inspecao (pk_inspecaoID, resultado, data_inspecao, observacoes) values (130, 'Satisfatório', '2023-11-12', 'Acabamento Impecável');
insert into inspecao (pk_inspecaoID, resultado, data_inspecao, observacoes) values (131, 'Não Satisfatório', '2023-12-13', 'Mal trabalhada');
insert into inspecao (pk_inspecaoID, resultado, data_inspecao, observacoes) values (132, 'Satisfatório', '2023-11-01', 'Acabamento Impecável');
insert into inspecao (pk_inspecaoID, resultado, data_inspecao, observacoes) values (133, 'Não Satisfatório', '2023-12-02', 'Mal trabalhada');
insert into inspecao (pk_inspecaoID, resultado, data_inspecao, observacoes) values (134, 'Não Satisfatório', '2023-12-01', 'Mal trabalhada');
insert into inspecao (pk_inspecaoID, resultado, data_inspecao, observacoes) values (135, 'Satisfatório', '2023-11-01', 'Acabamento Impecável');
insert into inspecao (pk_inspecaoID, resultado, data_inspecao, observacoes) values (136, 'Não Satisfatório', '2023-12-02', 'Mal trabalhada');
insert into inspecao (pk_inspecaoID, resultado, data_inspecao, observacoes) values (137, 'Satisfatório', '2023-11-12', 'Ótima rugosidade');
insert into inspecao (pk_inspecaoID, resultado, data_inspecao, observacoes) values (138, 'Não Satisfatório', '2023-11-30', 'Erro de rugosidade');
insert into inspecao (pk_inspecaoID, resultado, data_inspecao, observacoes) values (139, 'Satisfatório', '2023-12-08', 'Acabamento Impecável');
insert into inspecao (pk_inspecaoID, resultado, data_inspecao, observacoes) values (140, 'Satisfatório', '2023-10-22', 'Ótima rugosidade');
insert into inspecao (pk_inspecaoID, resultado, data_inspecao, observacoes) values (141, 'Satisfatório', '2023-10-21', 'Adequada');
insert into inspecao (pk_inspecaoID, resultado, data_inspecao, observacoes) values (142, 'Não Satisfatório', '2023-12-01', 'Mal trabalhada');
insert into inspecao (pk_inspecaoID, resultado, data_inspecao, observacoes) values (143, 'Satisfatório', '2023-11-22', 'Adequada');
insert into inspecao (pk_inspecaoID, resultado, data_inspecao, observacoes) values (144, 'Satisfatório', '2023-11-06', 'Excelente');
insert into inspecao (pk_inspecaoID, resultado, data_inspecao, observacoes) values (145, 'Satisfatório', '2023-10-26', 'Acabamento Impecável');
insert into inspecao (pk_inspecaoID, resultado, data_inspecao, observacoes) values (146, 'Não Satisfatório', '2023-12-02', 'Mal trabalhada');
insert into inspecao (pk_inspecaoID, resultado, data_inspecao, observacoes) values (147, 'Satisfatório', '2023-11-22', 'Excelente');
insert into inspecao (pk_inspecaoID, resultado, data_inspecao, observacoes) values (148, 'Satisfatório', '2023-11-12', 'Adequada');
insert into inspecao (pk_inspecaoID, resultado, data_inspecao, observacoes) values (149, 'Satisfatório', '2023-10-21', 'Adequada');
insert into inspecao (pk_inspecaoID, resultado, data_inspecao, observacoes) values (150, 'Satisfatório', '2023-11-25', 'Acabamento Impecável');
insert into inspecao (pk_inspecaoID, resultado, data_inspecao, observacoes) values (151, 'Não Satisfatório', '2023-12-01', 'Mal trabalhada');
insert into inspecao (pk_inspecaoID, resultado, data_inspecao, observacoes) values (152, 'Não Satisfatório', '2023-12-01', 'Erro de rugosidade');
insert into inspecao (pk_inspecaoID, resultado, data_inspecao, observacoes) values (153, 'Satisfatório', '2023-12-15', 'Adequada');
insert into inspecao (pk_inspecaoID, resultado, data_inspecao, observacoes) values (154, 'Satisfatório', '2023-10-07', 'Adequada');
insert into inspecao (pk_inspecaoID, resultado, data_inspecao, observacoes) values (155, 'Satisfatório', '2023-11-09', 'Ótima rugosidade');
insert into inspecao (pk_inspecaoID, resultado, data_inspecao, observacoes) values (156, 'Satisfatório', '2023-10-22', 'Adequada');
insert into inspecao (pk_inspecaoID, resultado, data_inspecao, observacoes) values (157, 'Não Satisfatório', '2023-12-01', 'Erro de rugosidade');
insert into inspecao (pk_inspecaoID, resultado, data_inspecao, observacoes) values (158, 'Satisfatório', '2023-10-27', 'Adequada');
insert into inspecao (pk_inspecaoID, resultado, data_inspecao, observacoes) values (159, 'Não Satisfatório', '2023-11-30', 'Erro de rugosidade');
insert into inspecao (pk_inspecaoID, resultado, data_inspecao, observacoes) values (160, 'Satisfatório', '2023-10-22', 'Acabamento Impecável');

insert into rejeicao (pk_rejeicaoID, fk_inspecaoID, acoes_corretivas , data_rejeicao, motivo) values (1, 6, 'Alinhamento com Relógio Comparador e use tinta azul na peça', '2023-12-03', 'Mal trabalhada');
insert into rejeicao (pk_rejeicaoID, fk_inspecaoID, acoes_corretivas , data_rejeicao, motivo) values (2, 9, 'Mude o RPM e escolha o avanço adequado', '2023-11-13', 'Falta acabamento');
insert into rejeicao (pk_rejeicaoID, fk_inspecaoID, acoes_corretivas , data_rejeicao, motivo) values (3, 10, 'Mude o RPM e escolha o avanço adequado', '2023-11-18', 'Erro de rugosidade');
insert into rejeicao (pk_rejeicaoID, fk_inspecaoID, acoes_corretivas , data_rejeicao, motivo) values (4, 11, 'Nova peça', '2023-10-22', 'Erro de medida');
insert into rejeicao (pk_rejeicaoID, fk_inspecaoID, acoes_corretivas , data_rejeicao, motivo) values (5, 34, 'Alinhamento com Relógio Comparador e use tinta azul na peça', '2023-12-08', 'Mal trabalhada');
insert into rejeicao (pk_rejeicaoID, fk_inspecaoID, acoes_corretivas , data_rejeicao, motivo) values (6, 66, 'Nova peça', '2023-12-01', 'Erro de medida');
insert into rejeicao (pk_rejeicaoID, fk_inspecaoID, acoes_corretivas , data_rejeicao, motivo) values (7, 82, 'Alinhamento com Relógio Comparador e use tinta azul na peça', '2023-11-30', 'Mal trabalhada');
insert into rejeicao (pk_rejeicaoID, fk_inspecaoID, acoes_corretivas , data_rejeicao, motivo) values (8, 85, 'Alinhamento com Relógio Comparador e use tinta azul na peça', '2023-10-07', 'Mal trabalhada');
insert into rejeicao (pk_rejeicaoID, fk_inspecaoID, acoes_corretivas , data_rejeicao, motivo) values (9, 89, 'Refazer com outra peça', '2023-11-23', 'Erro de medida');
insert into rejeicao (pk_rejeicaoID, fk_inspecaoID, acoes_corretivas , data_rejeicao, motivo) values (10, 90, 'Mude o RPM e escolha o avanço adequado', '2023-12-01', 'Falta de acabamento');
insert into rejeicao (pk_rejeicaoID, fk_inspecaoID, acoes_corretivas , data_rejeicao, motivo) values (11, 94, 'Aumentar o RPM e diminua o avanço', '2023-11-26', 'Erro de rugosidade');
insert into rejeicao (pk_rejeicaoID, fk_inspecaoID, acoes_corretivas , data_rejeicao, motivo) values (12, 97, 'Nova peça', '2023-11-29', 'Erro de medida');
insert into rejeicao (pk_rejeicaoID, fk_inspecaoID, acoes_corretivas , data_rejeicao, motivo) values (13, 98, 'Nova peça', '2023-11-27', 'Erro de medida');
insert into rejeicao (pk_rejeicaoID, fk_inspecaoID, acoes_corretivas , data_rejeicao, motivo) values (14, 99, 'Mude o RPM e escolha o avanço adequado', '2023-12-01', 'Falta Acabamento');
insert into rejeicao (pk_rejeicaoID, fk_inspecaoID, acoes_corretivas , data_rejeicao, motivo) values (15, 102, 'Mude o RPM e escolha o avanço adequado', '2023-11-30', 'Erro de rugosidade');
insert into rejeicao (pk_rejeicaoID, fk_inspecaoID, acoes_corretivas , data_rejeicao, motivo) values (16, 103, 'Mude o RPM e escolha o avanço adequado', '2023-12-05', 'Erro de rugosidade');
insert into rejeicao (pk_rejeicaoID, fk_inspecaoID, acoes_corretivas , data_rejeicao, motivo) values (17, 104, 'Mude o RPM e escolha o avanço adequado', '2023-12-04', 'Erro de rugosidade');
insert into rejeicao (pk_rejeicaoID, fk_inspecaoID, acoes_corretivas , data_rejeicao, motivo) values (18, 110, 'Alinhamento com Relógio Comparador e use tinta azul na peça', '2023-12-08', 'Mal trabalhada');
insert into rejeicao (pk_rejeicaoID, fk_inspecaoID, acoes_corretivas , data_rejeicao, motivo) values (19, 116, 'Nova peça', '2023-12-10', 'Medidas erradas');
insert into rejeicao (pk_rejeicaoID, fk_inspecaoID, acoes_corretivas , data_rejeicao, motivo) values (20, 118, 'Trabalhe com Micrometro', '2023-12-10', 'Mal trabalhada');
insert into rejeicao (pk_rejeicaoID, fk_inspecaoID, acoes_corretivas , data_rejeicao, motivo) values (21, 119, 'Mude o RPM e escolha o avanço adequado', '2023-12-09', 'Falta acabamento');
insert into rejeicao (pk_rejeicaoID, fk_inspecaoID, acoes_corretivas , data_rejeicao, motivo) values (22, 122, 'Mude o RPM e escolha o avanço adequado', '2023-11-27', 'Erro de Rugosidade');
insert into rejeicao (pk_rejeicaoID, fk_inspecaoID, acoes_corretivas , data_rejeicao, motivo) values (23, 123, 'Alinhamento com Relógio Comparador e use tinta azul na peça', '2023-12-12', 'Mal trabalhada');
insert into rejeicao (pk_rejeicaoID, fk_inspecaoID, acoes_corretivas , data_rejeicao, motivo) values (24, 131, 'Trabalhe com Páquimetro', '2023-12-13', 'Mal trabalhada');
insert into rejeicao (pk_rejeicaoID, fk_inspecaoID, acoes_corretivas , data_rejeicao, motivo) values (25, 133, 'Trabalhe com Micrometro', '2023-12-02', 'Mal trabalhada');
insert into rejeicao (pk_rejeicaoID, fk_inspecaoID, acoes_corretivas , data_rejeicao, motivo) values (26, 134, 'Trabalhe com Páquimetro', '2023-12-01', 'Mal trabalhada');
insert into rejeicao (pk_rejeicaoID, fk_inspecaoID, acoes_corretivas , data_rejeicao, motivo) values (27, 136, 'Trabalhe com Micrometro', '2023-12-02', 'Mal trabalhada');
insert into rejeicao (pk_rejeicaoID, fk_inspecaoID, acoes_corretivas , data_rejeicao, motivo) values (28, 138, 'Mude o RPM e escolha o avanço adequado', '2023-11-30', 'Erro de rugosidade');
insert into rejeicao (pk_rejeicaoID, fk_inspecaoID, acoes_corretivas , data_rejeicao, motivo) values (29, 142, 'Troque seu páquimetro', '2023-12-01', 'Mal trabalhada');
insert into rejeicao (pk_rejeicaoID, fk_inspecaoID, acoes_corretivas , data_rejeicao, motivo) values (30, 146, 'Troque seu páquimetro', '2023-12-02', 'Mal trabalhada');
insert into rejeicao (pk_rejeicaoID, fk_inspecaoID, acoes_corretivas , data_rejeicao, motivo) values (31, 151, 'Troque seu páquimetro', '2023-12-01', 'Mal trabalhada');
insert into rejeicao (pk_rejeicaoID, fk_inspecaoID, acoes_corretivas , data_rejeicao, motivo) values (32, 152, 'Mude o RPM e escolha o avanço adequado', '2023-12-01', 'Erro de rugosidade');
insert into rejeicao (pk_rejeicaoID, fk_inspecaoID, acoes_corretivas , data_rejeicao, motivo) values (33, 157, 'Mude o RPM e escolha o avanço adequado', '2023-12-01', 'Erro de rugosidade');
insert into rejeicao (pk_rejeicaoID, fk_inspecaoID, acoes_corretivas , data_rejeicao, motivo) values (34, 159, 'Mude o RPM e escolha o avanço adequado', '2023-11-30', 'Erro de rugosidade');

insert into aceitacao (pk_aceitacaoID, fk_inspecaoID, destino, data_aceitacao, observacoes) values (1, 1, 'Loja', '2023-11-29', 'Adequada');
insert into aceitacao (pk_aceitacaoID, fk_inspecaoID, destino, data_aceitacao, observacoes) values (2, 2, 'Estoque', '2023-12-06', 'Ótima rugosidade');
insert into aceitacao (pk_aceitacaoID, fk_inspecaoID, destino, data_aceitacao, observacoes) values (3, 3, 'Pronta entrega', '2023-10-30', 'Ótima rugosidade');
insert into aceitacao (pk_aceitacaoID, fk_inspecaoID, destino, data_aceitacao, observacoes) values (4, 4, 'Setor de Projetos', '2023-11-13', 'Ótima rugosidade');
insert into aceitacao (pk_aceitacaoID, fk_inspecaoID, destino, data_aceitacao, observacoes) values (5, 5, 'Loja', '2023-12-01', 'Adequada');
insert into aceitacao (pk_aceitacaoID, fk_inspecaoID, destino, data_aceitacao, observacoes) values (6, 7, 'Loja', '2023-09-21', 'Ótima rugosidade');
insert into aceitacao (pk_aceitacaoID, fk_inspecaoID, destino, data_aceitacao, observacoes) values (7, 8, 'Loja', '2023-10-05', 'Ótima rugosidade');
insert into aceitacao (pk_aceitacaoID, fk_inspecaoID, destino, data_aceitacao, observacoes) values (8, 12, 'Loja', '2023-11-12', 'Ótima rugosidade');
insert into aceitacao (pk_aceitacaoID, fk_inspecaoID, destino, data_aceitacao, observacoes) values (9, 13, 'Loja', '2023-10-06', 'Ótima rugosidade');
insert into aceitacao (pk_aceitacaoID, fk_inspecaoID, destino, data_aceitacao, observacoes) values (10, 14, 'Loja', '2023-10-12', 'Acabamento Impecável');
insert into aceitacao (pk_aceitacaoID, fk_inspecaoID, destino, data_aceitacao, observacoes) values (11, 15, 'Loja', '2023-10-24', 'Mal trabalhada');
insert into aceitacao (pk_aceitacaoID, fk_inspecaoID, destino, data_aceitacao, observacoes) values (12, 16, 'Entregue ao cliente', '2023-11-18', 'Acabamento Impecável');
insert into aceitacao (pk_aceitacaoID, fk_inspecaoID, destino, data_aceitacao, observacoes) values (13, 17, 'Entregue ao cliente', '2023-10-18', 'Adequada');
insert into aceitacao (pk_aceitacaoID, fk_inspecaoID, destino, data_aceitacao, observacoes) values (14, 18, 'Loja', '2023-11-27', 'Ótima rugosidade');
insert into aceitacao (pk_aceitacaoID, fk_inspecaoID, destino, data_aceitacao, observacoes) values (15, 19, 'Loja', '2023-10-29', 'Acabamento Impecável');
insert into aceitacao (pk_aceitacaoID, fk_inspecaoID, destino, data_aceitacao, observacoes) values (16, 20, 'Loja', '2023-12-15', 'Adequada');
insert into aceitacao (pk_aceitacaoID, fk_inspecaoID, destino, data_aceitacao, observacoes) values (17, 21, 'Entregue ao cliente', '2023-10-30', 'Acabamento Impecável');
insert into aceitacao (pk_aceitacaoID, fk_inspecaoID, destino, data_aceitacao, observacoes) values (18, 22, 'Entregue ao cliente', '2023-11-09', 'Adequada');
insert into aceitacao (pk_aceitacaoID, fk_inspecaoID, destino, data_aceitacao, observacoes) values (19, 23, 'Loja', '2023-12-19', 'Ótima rugosidade');
insert into aceitacao (pk_aceitacaoID, fk_inspecaoID, destino, data_aceitacao, observacoes) values (20, 24, 'Entregue ao cliente', '2023-10-03', 'Acabamento Impecável');
insert into aceitacao (pk_aceitacaoID, fk_inspecaoID, destino, data_aceitacao, observacoes) values (21, 25, 'Entregue ao cliente', '2023-10-28', 'Acabamento Impecável');
insert into aceitacao (pk_aceitacaoID, fk_inspecaoID, destino, data_aceitacao, observacoes) values (22, 26, 'Encaminhada para filial', '2023-11-04', 'Ótima rugosidade');
insert into aceitacao (pk_aceitacaoID, fk_inspecaoID, destino, data_aceitacao, observacoes) values (23, 27, 'Setor de Projetos', '2023-11-01', 'Ótima rugosidade');
insert into aceitacao (pk_aceitacaoID, fk_inspecaoID, destino, data_aceitacao, observacoes) values (24, 28, 'Pronta entrega', '2023-10-03', 'Ótima rugosidade');
insert into aceitacao (pk_aceitacaoID, fk_inspecaoID, destino, data_aceitacao, observacoes) values (25, 29, 'Pronta entrega', '2023-11-10', 'Acabamento Impecável');
insert into aceitacao (pk_aceitacaoID, fk_inspecaoID, destino, data_aceitacao, observacoes) values (26, 30, 'Pronta entrega', '2023-11-28', 'Ótima rugosidade');
insert into aceitacao (pk_aceitacaoID, fk_inspecaoID, destino, data_aceitacao, observacoes) values (27, 31, 'Pronta entrega', '2023-10-19', 'Ótima rugosidade');
insert into aceitacao (pk_aceitacaoID, fk_inspecaoID, destino, data_aceitacao, observacoes) values (28, 32, 'Pronta entrega', '2023-10-25', 'Acabamento Impecável');
insert into aceitacao (pk_aceitacaoID, fk_inspecaoID, destino, data_aceitacao, observacoes) values (29, 33, 'Pronta entrega', '2023-10-30', 'Ótima rugosidade');
insert into aceitacao (pk_aceitacaoID, fk_inspecaoID, destino, data_aceitacao, observacoes) values (30, 35, 'Setor de Projetos', '2023-11-15', 'Acabamento Impecável');
insert into aceitacao (pk_aceitacaoID, fk_inspecaoID, destino, data_aceitacao, observacoes) values (31, 36, 'Setor de Projetos', '2023-11-09', 'Ótima rugosidade');
insert into aceitacao (pk_aceitacaoID, fk_inspecaoID, destino, data_aceitacao, observacoes) values (32, 37, 'Encaminhada para filial', '2023-11-30', 'Adequada');
insert into aceitacao (pk_aceitacaoID, fk_inspecaoID, destino, data_aceitacao, observacoes) values (33, 38, 'Encaminhada para filial', '2023-11-05', 'Acabamento Impecável');
insert into aceitacao (pk_aceitacaoID, fk_inspecaoID, destino, data_aceitacao, observacoes) values (34, 39, 'Encaminhada para filial', '2023-09-30', 'Acabamento Impecável');
insert into aceitacao (pk_aceitacaoID, fk_inspecaoID, destino, data_aceitacao, observacoes) values (35, 40, 'Encaminhada para filial', '2023-10-24', 'Adequada');
insert into aceitacao (pk_aceitacaoID, fk_inspecaoID, destino, data_aceitacao, observacoes) values (36, 41, 'Encaminhada para o setor de vendas', '2023-09-30', 'Adequada');
insert into aceitacao (pk_aceitacaoID, fk_inspecaoID, destino, data_aceitacao, observacoes) values (37, 42, 'Loja', '2023-10-16', 'Ótima rugosidade');
insert into aceitacao (pk_aceitacaoID, fk_inspecaoID, destino, data_aceitacao, observacoes) values (38, 43, 'Loja', '2023-11-08', 'Ótima rugosidade');
insert into aceitacao (pk_aceitacaoID, fk_inspecaoID, destino, data_aceitacao, observacoes) values (39, 44, 'Loja', '2023-10-13', 'Ótima rugosidade');
insert into aceitacao (pk_aceitacaoID, fk_inspecaoID, destino, data_aceitacao, observacoes) values (40, 45, 'Encaminhada para o setor de vendas', '2023-10-30', 'Adequada');
insert into aceitacao (pk_aceitacaoID, fk_inspecaoID, destino, data_aceitacao, observacoes) values (41, 46, 'Encaminhada para o setor de vendas', '2023-10-17', 'Ótima rugosidade');
insert into aceitacao (pk_aceitacaoID, fk_inspecaoID, destino, data_aceitacao, observacoes) values (42, 47, 'Encaminhada para o setor de vendas', '2023-10-26', 'Adequada');
insert into aceitacao (pk_aceitacaoID, fk_inspecaoID, destino, data_aceitacao, observacoes) values (43, 48, 'Para uma máquina', '2023-10-29', 'Acabamento Impecável');
insert into aceitacao (pk_aceitacaoID, fk_inspecaoID, destino, data_aceitacao, observacoes) values (44, 49, 'Encaminhada para o setor de vendas', '2023-10-30', 'Ótima rugosidade');
insert into aceitacao (pk_aceitacaoID, fk_inspecaoID, destino, data_aceitacao, observacoes) values (45, 50, 'Encaminhada para o setor de vendas', '2023-10-28', 'Acabamento Impecável');
insert into aceitacao (pk_aceitacaoID, fk_inspecaoID, destino, data_aceitacao, observacoes) values (46, 51, 'Para uma máquina', '2023-11-07', 'Ótima rugosidade');
insert into aceitacao (pk_aceitacaoID, fk_inspecaoID, destino, data_aceitacao, observacoes) values (47, 52, 'Encaminhada para o setor de vendas', '2023-12-05', 'Acabamento Impecável');
insert into aceitacao (pk_aceitacaoID, fk_inspecaoID, destino, data_aceitacao, observacoes) values (48, 53, 'Encaminhada para o setor de vendas', '2023-10-15', 'Acabamento Impecável');
insert into aceitacao (pk_aceitacaoID, fk_inspecaoID, destino, data_aceitacao, observacoes) values (49, 54, 'Para uma máquina', '2023-10-08', 'Ótima rugosidade');
insert into aceitacao (pk_aceitacaoID, fk_inspecaoID, destino, data_aceitacao, observacoes) values (50, 55, 'Estoque', '2023-10-22', 'Adequada');
insert into aceitacao (pk_aceitacaoID, fk_inspecaoID, destino, data_aceitacao, observacoes) values (51, 56, 'Para uma máquina', '2023-11-05', 'Acabamento Impecável');
insert into aceitacao (pk_aceitacaoID, fk_inspecaoID, destino, data_aceitacao, observacoes) values (52, 57, 'Encaminhada para o setor de vendas', '2023-10-16', 'Acabamento Impecável');
insert into aceitacao (pk_aceitacaoID, fk_inspecaoID, destino, data_aceitacao, observacoes) values (53, 58, 'Setor de Projetos', '2023-11-25', 'Ótima rugosidade');
insert into aceitacao (pk_aceitacaoID, fk_inspecaoID, destino, data_aceitacao, observacoes) values (54, 59, 'Setor de Projetos', '2023-11-25', 'Adequada');
insert into aceitacao (pk_aceitacaoID, fk_inspecaoID, destino, data_aceitacao, observacoes) values (55, 60, 'Setor de Projetos', '2023-11-27', 'Acabamento Impecável');
insert into aceitacao (pk_aceitacaoID, fk_inspecaoID, destino, data_aceitacao, observacoes) values (56, 61, 'Para uma máquina', '2023-10-25', 'Adequada');
insert into aceitacao (pk_aceitacaoID, fk_inspecaoID, destino, data_aceitacao, observacoes) values (57, 62, 'Setor de Projetos', '2023-11-22', 'Adequada');
insert into aceitacao (pk_aceitacaoID, fk_inspecaoID, destino, data_aceitacao, observacoes) values (58, 63, 'Setor de Projetos', '2023-10-28', 'Adequada');
insert into aceitacao (pk_aceitacaoID, fk_inspecaoID, destino, data_aceitacao, observacoes) values (59, 64, 'Setor de Projetos', '2023-11-12', 'Ótima rugosidade');
insert into aceitacao (pk_aceitacaoID, fk_inspecaoID, destino, data_aceitacao, observacoes) values (60, 65, 'Estoque', '2023-10-10', 'Acabamento Impecável');
insert into aceitacao (pk_aceitacaoID, fk_inspecaoID, destino, data_aceitacao, observacoes) values (61, 67, 'Estoque', '2023-12-19', 'Ótima rugosidade');
insert into aceitacao (pk_aceitacaoID, fk_inspecaoID, destino, data_aceitacao, observacoes) values (62, 68, 'Setor de Projetos', '2023-11-09', 'Ótima rugosidade');
insert into aceitacao (pk_aceitacaoID, fk_inspecaoID, destino, data_aceitacao, observacoes) values (63, 69, 'Estoque', '2023-11-20', 'Ótima rugosidade');
insert into aceitacao (pk_aceitacaoID, fk_inspecaoID, destino, data_aceitacao, observacoes) values (64, 70, 'Estoque', '2023-12-04', 'Ótima rugosidade');
insert into aceitacao (pk_aceitacaoID, fk_inspecaoID, destino, data_aceitacao, observacoes) values (65, 71, 'Estoque', '2023-11-08', 'Acabamento Impecável');
insert into aceitacao (pk_aceitacaoID, fk_inspecaoID, destino, data_aceitacao, observacoes) values (66, 72, 'Estoque', '2023-11-16', 'Ótima rugosidade');
insert into aceitacao (pk_aceitacaoID, fk_inspecaoID, destino, data_aceitacao, observacoes) values (67, 73, 'Setor de Projetos', '2023-11-07', 'Ótima rugosidade');
insert into aceitacao (pk_aceitacaoID, fk_inspecaoID, destino, data_aceitacao, observacoes) values (68, 74, 'Pronta entrega', '2023-11-01', 'Adequada');
insert into aceitacao (pk_aceitacaoID, fk_inspecaoID, destino, data_aceitacao, observacoes) values (69, 75, 'Pronta entrega', '2023-12-25', 'Ótima rugosidade');
insert into aceitacao (pk_aceitacaoID, fk_inspecaoID, destino, data_aceitacao, observacoes) values (70, 76, 'Pronta entrega', '2023-12-01', 'Ótima rugosidade');
insert into aceitacao (pk_aceitacaoID, fk_inspecaoID, destino, data_aceitacao, observacoes) values (71, 77, 'Pronta entrega', '2023-11-29', 'Ótima rugosidade');
insert into aceitacao (pk_aceitacaoID, fk_inspecaoID, destino, data_aceitacao, observacoes) values (72, 78, 'Pronta entrega', '2023-12-10', 'Ótima rugosidade');
insert into aceitacao (pk_aceitacaoID, fk_inspecaoID, destino, data_aceitacao, observacoes) values (73, 79, 'Pronta entrega', '2023-12-08', 'Acabamento Impecável');
insert into aceitacao (pk_aceitacaoID, fk_inspecaoID, destino, data_aceitacao, observacoes) values (74, 80, 'Pronta entrega', '2023-10-29', 'Ótima rugosidade');
insert into aceitacao (pk_aceitacaoID, fk_inspecaoID, destino, data_aceitacao, observacoes) values (75, 81, 'Estoque', '2023-10-12', 'Ótima rugosidade');
insert into aceitacao (pk_aceitacaoID, fk_inspecaoID, destino, data_aceitacao, observacoes) values (76, 83, 'Pronta entrega', '2023-10-13', 'Adequada');
insert into aceitacao (pk_aceitacaoID, fk_inspecaoID, destino, data_aceitacao, observacoes) values (77, 84, 'Pronta entrega', '2023-10-27', 'Acabamento Impecável');
insert into aceitacao (pk_aceitacaoID, fk_inspecaoID, destino, data_aceitacao, observacoes) values (78, 86, 'Vendida', '2023-10-25', 'Adequada');
insert into aceitacao (pk_aceitacaoID, fk_inspecaoID, destino, data_aceitacao, observacoes) values (79, 87, 'Vendida', '2023-11-24', 'Ótima rugosidade');
insert into aceitacao (pk_aceitacaoID, fk_inspecaoID, destino, data_aceitacao, observacoes) values (80, 88, 'Vendida', '2023-11-18', 'Ótima rugosidade');
insert into aceitacao (pk_aceitacaoID, fk_inspecaoID, destino, data_aceitacao, observacoes) values (81, 91, 'Pronta entrega', '2023-10-13', 'Ótima rugosidade');
insert into aceitacao (pk_aceitacaoID, fk_inspecaoID, destino, data_aceitacao, observacoes) values (82, 92, 'Pronta entrega', '2023-11-29', 'Acabamento Impecável');
insert into aceitacao (pk_aceitacaoID, fk_inspecaoID, destino, data_aceitacao, observacoes) values (83, 93, 'Pronta entrega', '2023-12-06', 'Adequada');
insert into aceitacao (pk_aceitacaoID, fk_inspecaoID, destino, data_aceitacao, observacoes) values (84, 95, 'Pronta entrega', '2023-12-15', 'Ótima rugosidade');
insert into aceitacao (pk_aceitacaoID, fk_inspecaoID, destino, data_aceitacao, observacoes) values (85, 96, 'Pronta entrega', '2023-10-29', 'Ótima rugosidade');
insert into aceitacao (pk_aceitacaoID, fk_inspecaoID, destino, data_aceitacao, observacoes) values (86, 100, 'Pronta entrega', '2023-10-22', 'Acabamento Impecável');
insert into aceitacao (pk_aceitacaoID, fk_inspecaoID, destino, data_aceitacao, observacoes) values (87, 101, 'Pronta entrega', '2023-11-01', 'Ótima rugosidade');
insert into aceitacao (pk_aceitacaoID, fk_inspecaoID, destino, data_aceitacao, observacoes) values (88, 105, 'Pronta entrega', '2023-10-30', 'Acabamento Impecável');
insert into aceitacao (pk_aceitacaoID, fk_inspecaoID, destino, data_aceitacao, observacoes) values (89, 106, 'Vendida', '2023-10-24', 'Adequada');
insert into aceitacao (pk_aceitacaoID, fk_inspecaoID, destino, data_aceitacao, observacoes) values (90, 107, 'Vendida', '2023-10-25', 'Ótima rugosidade');
insert into aceitacao (pk_aceitacaoID, fk_inspecaoID, destino, data_aceitacao, observacoes) values (91, 108, 'Para uma máquina', '2023-10-26', 'Ótima rugosidade');
insert into aceitacao (pk_aceitacaoID, fk_inspecaoID, destino, data_aceitacao, observacoes) values (92, 109, 'Vendida', '2023-11-10', 'Ótima rugosidade');
insert into aceitacao (pk_aceitacaoID, fk_inspecaoID, destino, data_aceitacao, observacoes) values (93, 111, 'Vendida', '2023-11-28', 'Adequada');
insert into aceitacao (pk_aceitacaoID, fk_inspecaoID, destino, data_aceitacao, observacoes) values (94, 112, 'Vendida', '2023-10-27', 'Adequada');
insert into aceitacao (pk_aceitacaoID, fk_inspecaoID, destino, data_aceitacao, observacoes) values (95, 113, 'Vendida', '2023-10-16', 'Acabamento Impecável');
insert into aceitacao (pk_aceitacaoID, fk_inspecaoID, destino, data_aceitacao, observacoes) values (96, 114, 'Vendida', '2023-10-15', 'Acabamento Impecável');
insert into aceitacao (pk_aceitacaoID, fk_inspecaoID, destino, data_aceitacao, observacoes) values (97, 115, 'Vendida', '2023-11-20', 'Ótima rugosidade');
insert into aceitacao (pk_aceitacaoID, fk_inspecaoID, destino, data_aceitacao, observacoes) values (98, 117, 'Pronta entrega', '2023-11-25', 'Acabamento Impecável');
insert into aceitacao (pk_aceitacaoID, fk_inspecaoID, destino, data_aceitacao, observacoes) values (99, 120, 'Pronta entrega', '2023-12-09', 'Adequada');
insert into aceitacao (pk_aceitacaoID, fk_inspecaoID, destino, data_aceitacao, observacoes) values (100, 121, 'Para uma máquina', '2023-12-18', 'Ótima rugosidade');
insert into aceitacao (pk_aceitacaoID, fk_inspecaoID, destino, data_aceitacao, observacoes) values (101, 124, 'Pronta entrega', '2023-11-28', 'Adequada');
insert into aceitacao (pk_aceitacaoID, fk_inspecaoID, destino, data_aceitacao, observacoes) values (102, 125, 'Pronta entrega', '2023-12-06', 'Acabamento Impecável');
insert into aceitacao (pk_aceitacaoID, fk_inspecaoID, destino, data_aceitacao, observacoes) values (103, 126, 'Para uma máquina', '2023-12-17', 'Ótima rugosidade');
insert into aceitacao (pk_aceitacaoID, fk_inspecaoID, destino, data_aceitacao, observacoes) values (104, 127, 'Vendida', '2023-11-15', 'Acabamento Impecável');
insert into aceitacao (pk_aceitacaoID, fk_inspecaoID, destino, data_aceitacao, observacoes) values (105, 128, 'Vendida', '2023-11-26', 'Adequada');
insert into aceitacao (pk_aceitacaoID, fk_inspecaoID, destino, data_aceitacao, observacoes) values (106, 129, 'Vendida', '2023-11-05', 'Adequada');
insert into aceitacao (pk_aceitacaoID, fk_inspecaoID, destino, data_aceitacao, observacoes) values (107, 130, 'Vendida', '2023-11-12', 'Acabamento Impecável');
insert into aceitacao (pk_aceitacaoID, fk_inspecaoID, destino, data_aceitacao, observacoes) values (108, 132, 'Para uma máquina', '2023-11-01', 'Acabamento Impecável');
insert into aceitacao (pk_aceitacaoID, fk_inspecaoID, destino, data_aceitacao, observacoes) values (109, 135, 'Para uma máquina', '2023-11-01', 'Acabamento Impecável');
insert into aceitacao (pk_aceitacaoID, fk_inspecaoID, destino, data_aceitacao, observacoes) values (110, 137, 'Para uma máquina', '2023-11-12', 'Ótima rugosidade');
insert into aceitacao (pk_aceitacaoID, fk_inspecaoID, destino, data_aceitacao, observacoes) values (111, 139, 'Vendida', '2023-12-08', 'Acabamento Impecável');
insert into aceitacao (pk_aceitacaoID, fk_inspecaoID, destino, data_aceitacao, observacoes) values (112, 140, 'Pronta entrega', '2023-10-22', 'Ótima rugosidade');
insert into aceitacao (pk_aceitacaoID, fk_inspecaoID, destino, data_aceitacao, observacoes) values (113, 141, 'Pronta entrega', '2023-10-21', 'Adequada');
insert into aceitacao (pk_aceitacaoID, fk_inspecaoID, destino, data_aceitacao, observacoes) values (114, 143, 'Pronta entrega', '2023-11-22', 'Adequada');
insert into aceitacao (pk_aceitacaoID, fk_inspecaoID, destino, data_aceitacao, observacoes) values (115, 144, 'Vendida', '2023-11-06', 'Excelente');
insert into aceitacao (pk_aceitacaoID, fk_inspecaoID, destino, data_aceitacao, observacoes) values (116, 145, 'Vendida', '2023-10-26', 'Acabamento Impecável');
insert into aceitacao (pk_aceitacaoID, fk_inspecaoID, destino, data_aceitacao, observacoes) values (117, 147, 'Pronta entrega', '2023-11-22', 'Excelente');
insert into aceitacao (pk_aceitacaoID, fk_inspecaoID, destino, data_aceitacao, observacoes) values (118, 148, 'Vendida', '2023-11-12', 'Adequada');
insert into aceitacao (pk_aceitacaoID, fk_inspecaoID, destino, data_aceitacao, observacoes) values (119, 149, 'Estoque', '2023-10-21', 'Adequada');
insert into aceitacao (pk_aceitacaoID, fk_inspecaoID, destino, data_aceitacao, observacoes) values (120, 150, 'Pronta entrega', '2023-11-25', 'Acabamento Impecável');
insert into aceitacao (pk_aceitacaoID, fk_inspecaoID, destino, data_aceitacao, observacoes) values (121, 153, 'Pronta entrega', '2023-12-15', 'Adequada');
insert into aceitacao (pk_aceitacaoID, fk_inspecaoID, destino, data_aceitacao, observacoes) values (122, 154, 'Pronta entrega', '2023-10-07', 'Adequada');
insert into aceitacao (pk_aceitacaoID, fk_inspecaoID, destino, data_aceitacao, observacoes) values (123, 155, 'Pronta entrega', '2023-11-09', 'Ótima rugosidade');
insert into aceitacao (pk_aceitacaoID, fk_inspecaoID, destino, data_aceitacao, observacoes) values (124, 156, 'Vendida', '2023-10-22', 'Adequada');
insert into aceitacao (pk_aceitacaoID, fk_inspecaoID, destino, data_aceitacao, observacoes) values (125, 158, 'Estoque', '2023-10-27', 'Adequada');
insert into aceitacao (pk_aceitacaoID, fk_inspecaoID, destino, data_aceitacao, observacoes) values (126, 160, 'Pronta entrega', '2023-10-22', 'Acabamento Impecável');

insert into hist_producao (fk_ordemID, fk_maquinaID, fk_operadorID, fk_inspecao, lote) values (1, 1, 1, 1, '0641-6079');
insert into hist_producao (fk_ordemID, fk_maquinaID, fk_operadorID, fk_inspecao, lote) values (2, 2, 2, 2, '0703-8530');
insert into hist_producao (fk_ordemID, fk_maquinaID, fk_operadorID, fk_inspecao, lote) values (3, 3, 3, 3, '44924-016');
insert into hist_producao (fk_ordemID, fk_maquinaID, fk_operadorID, fk_inspecao, lote) values (4, 4, 4, 4, '17271-505');
insert into hist_producao (fk_ordemID, fk_maquinaID, fk_operadorID, fk_inspecao, lote) values (5, 5, 5, 5, '13537-539');
insert into hist_producao (fk_ordemID, fk_maquinaID, fk_operadorID, fk_inspecao, lote) values (6, 6, 6, 6, '0406-9911');
insert into hist_producao (fk_ordemID, fk_maquinaID, fk_operadorID, fk_inspecao, lote) values (7, 7, 7, 7, '51060-002');
insert into hist_producao (fk_ordemID, fk_maquinaID, fk_operadorID, fk_inspecao, lote) values (8, 8, 8, 8, '49349-016');
insert into hist_producao (fk_ordemID, fk_maquinaID, fk_operadorID, fk_inspecao, lote) values (9, 9, 9, 9, '49999-065');
insert into hist_producao (fk_ordemID, fk_maquinaID, fk_operadorID, fk_inspecao, lote) values (10, 10, 10, 10, '46122-205');
insert into hist_producao (fk_ordemID, fk_maquinaID, fk_operadorID, fk_inspecao, lote) values (11, 11, 11, 11, '36987-1607');
insert into hist_producao (fk_ordemID, fk_maquinaID, fk_operadorID, fk_inspecao, lote) values (12, 12, 12, 12, '69004-003');
insert into hist_producao (fk_ordemID, fk_maquinaID, fk_operadorID, fk_inspecao, lote) values (13, 13, 13, 13, '24385-602');
insert into hist_producao (fk_ordemID, fk_maquinaID, fk_operadorID, fk_inspecao, lote) values (14, 14, 14, 14, '55315-019');
insert into hist_producao (fk_ordemID, fk_maquinaID, fk_operadorID, fk_inspecao, lote) values (15, 15, 15, 15, '14789-400');
insert into hist_producao (fk_ordemID, fk_maquinaID, fk_operadorID, fk_inspecao, lote) values (16, 16, 16, 16, '55111-360');
insert into hist_producao (fk_ordemID, fk_maquinaID, fk_operadorID, fk_inspecao, lote) values (17, 17, 17, 17, '65862-095');
insert into hist_producao (fk_ordemID, fk_maquinaID, fk_operadorID, fk_inspecao, lote) values (18, 18, 18, 18, '0299-5770');
insert into hist_producao (fk_ordemID, fk_maquinaID, fk_operadorID, fk_inspecao, lote) values (19, 19, 19, 19, '10819-3916');
insert into hist_producao (fk_ordemID, fk_maquinaID, fk_operadorID, fk_inspecao, lote) values (20, 20, 20, 20, '52533-163');
insert into hist_producao (fk_ordemID, fk_maquinaID, fk_operadorID, fk_inspecao, lote) values (21, 21, 21, 21, '53304-1301');
insert into hist_producao (fk_ordemID, fk_maquinaID, fk_operadorID, fk_inspecao, lote) values (22, 22, 22, 22, '37808-668');
insert into hist_producao (fk_ordemID, fk_maquinaID, fk_operadorID, fk_inspecao, lote) values (23, 23, 23, 23, '50742-104');
insert into hist_producao (fk_ordemID, fk_maquinaID, fk_operadorID, fk_inspecao, lote) values (24, 24, 24, 24, '50876-111');
insert into hist_producao (fk_ordemID, fk_maquinaID, fk_operadorID, fk_inspecao, lote) values (25, 25, 25, 25, '42787-104');
insert into hist_producao (fk_ordemID, fk_maquinaID, fk_operadorID, fk_inspecao, lote) values (26, 26, 26, 26, '51346-175');
insert into hist_producao (fk_ordemID, fk_maquinaID, fk_operadorID, fk_inspecao, lote) values (27, 27, 27, 27, '49963-210');
insert into hist_producao (fk_ordemID, fk_maquinaID, fk_operadorID, fk_inspecao, lote) values (28, 1, 28, 28, '37808-917');
insert into hist_producao (fk_ordemID, fk_maquinaID, fk_operadorID, fk_inspecao, lote) values (29, 2, 29, 29, '0067-6275');
insert into hist_producao (fk_ordemID, fk_maquinaID, fk_operadorID, fk_inspecao, lote) values (30, 3, 30, 30, '16714-343');
insert into hist_producao (fk_ordemID, fk_maquinaID, fk_operadorID, fk_inspecao, lote) values (31, 4, 31, 31, '54868-5465');
insert into hist_producao (fk_ordemID, fk_maquinaID, fk_operadorID, fk_inspecao, lote) values (32, 5, 32, 32, '40085-219');
insert into hist_producao (fk_ordemID, fk_maquinaID, fk_operadorID, fk_inspecao, lote) values (33, 6, 33, 33, '0268-0935');
insert into hist_producao (fk_ordemID, fk_maquinaID, fk_operadorID, fk_inspecao, lote) values (34, 7, 34, 34, '63418-0001');
insert into hist_producao (fk_ordemID, fk_maquinaID, fk_operadorID, fk_inspecao, lote) values (35, 8, 35, 35, '51655-078');
insert into hist_producao (fk_ordemID, fk_maquinaID, fk_operadorID, fk_inspecao, lote) values (36, 9, 36, 36, '35356-802');
insert into hist_producao (fk_ordemID, fk_maquinaID, fk_operadorID, fk_inspecao, lote) values (37, 10, 37, 37, '60289-031');
insert into hist_producao (fk_ordemID, fk_maquinaID, fk_operadorID, fk_inspecao, lote) values (38, 11, 38, 38, '55546-0001');
insert into hist_producao (fk_ordemID, fk_maquinaID, fk_operadorID, fk_inspecao, lote) values (39, 12, 39, 39, '31645-142');
insert into hist_producao (fk_ordemID, fk_maquinaID, fk_operadorID, fk_inspecao, lote) values (40, 13, 40, 40, '0143-3125');
insert into hist_producao (fk_ordemID, fk_maquinaID, fk_operadorID, fk_inspecao, lote) values (41, 14, 41, 41, '59078-019');
insert into hist_producao (fk_ordemID, fk_maquinaID, fk_operadorID, fk_inspecao, lote) values (42, 15, 42, 42, '21695-478');
insert into hist_producao (fk_ordemID, fk_maquinaID, fk_operadorID, fk_inspecao, lote) values (43, 16, 43, 43, '21695-616');
insert into hist_producao (fk_ordemID, fk_maquinaID, fk_operadorID, fk_inspecao, lote) values (44, 17, 44, 44, '58668-5371');
insert into hist_producao (fk_ordemID, fk_maquinaID, fk_operadorID, fk_inspecao, lote) values (45, 18, 45, 45, '49738-700');
insert into hist_producao (fk_ordemID, fk_maquinaID, fk_operadorID, fk_inspecao, lote) values (46, 19, 46, 46, '30698-419');
insert into hist_producao (fk_ordemID, fk_maquinaID, fk_operadorID, fk_inspecao, lote) values (47, 20, 47, 47, '61164-1001');
insert into hist_producao (fk_ordemID, fk_maquinaID, fk_operadorID, fk_inspecao, lote) values (48, 21, 48, 48, '45802-132');
insert into hist_producao (fk_ordemID, fk_maquinaID, fk_operadorID, fk_inspecao, lote) values (49, 22, 49, 49, '36800-479');
insert into hist_producao (fk_ordemID, fk_maquinaID, fk_operadorID, fk_inspecao, lote) values (50, 23, 50, 50, '64406-805');
insert into hist_producao (fk_ordemID, fk_maquinaID, fk_operadorID, fk_inspecao, lote) values (51, 24, 51, 51, '55316-831');
insert into hist_producao (fk_ordemID, fk_maquinaID, fk_operadorID, fk_inspecao, lote) values (52, 25, 52, 52, '21695-131');
insert into hist_producao (fk_ordemID, fk_maquinaID, fk_operadorID, fk_inspecao, lote) values (53, 26, 53, 53, '36987-3100');
insert into hist_producao (fk_ordemID, fk_maquinaID, fk_operadorID, fk_inspecao, lote) values (54, 27, 54, 54, '0603-4088');
insert into hist_producao (fk_ordemID, fk_maquinaID, fk_operadorID, fk_inspecao, lote) values (55, 1, 55, 55, '63550-114');
insert into hist_producao (fk_ordemID, fk_maquinaID, fk_operadorID, fk_inspecao, lote) values (56, 2, 56, 56, '0781-2052');
insert into hist_producao (fk_ordemID, fk_maquinaID, fk_operadorID, fk_inspecao, lote) values (57, 3, 57, 57, '45802-055');
insert into hist_producao (fk_ordemID, fk_maquinaID, fk_operadorID, fk_inspecao, lote) values (58, 4, 58, 58, '49035-213');
insert into hist_producao (fk_ordemID, fk_maquinaID, fk_operadorID, fk_inspecao, lote) values (59, 5, 59, 59, '67510-0082');
insert into hist_producao (fk_ordemID, fk_maquinaID, fk_operadorID, fk_inspecao, lote) values (60, 6, 60, 60, '68151-4223');
insert into hist_producao (fk_ordemID, fk_maquinaID, fk_operadorID, fk_inspecao, lote) values (61, 7, 61, 61, '75949-2001');
insert into hist_producao (fk_ordemID, fk_maquinaID, fk_operadorID, fk_inspecao, lote) values (62, 8, 62, 62, '29300-188');
insert into hist_producao (fk_ordemID, fk_maquinaID, fk_operadorID, fk_inspecao, lote) values (63, 9, 63, 63, '48951-6000');
insert into hist_producao (fk_ordemID, fk_maquinaID, fk_operadorID, fk_inspecao, lote) values (64, 10, 64, 64, '15197-007' );
insert into hist_producao (fk_ordemID, fk_maquinaID, fk_operadorID, fk_inspecao, lote) values (65, 11, 65, 65, '64980-131');
insert into hist_producao (fk_ordemID, fk_maquinaID, fk_operadorID, fk_inspecao, lote) values (66, 12, 66, 66, '10345-030');
insert into hist_producao (fk_ordemID, fk_maquinaID, fk_operadorID, fk_inspecao, lote) values (67, 13, 67, 67, '0338-0441');
insert into hist_producao (fk_ordemID, fk_maquinaID, fk_operadorID, fk_inspecao, lote) values (68, 14, 68, 68, '43419-706');
insert into hist_producao (fk_ordemID, fk_maquinaID, fk_operadorID, fk_inspecao, lote) values (69, 15, 69, 69, '0067-6130');
insert into hist_producao (fk_ordemID, fk_maquinaID, fk_operadorID, fk_inspecao, lote) values (70, 16, 70, 70, '51346-136');
insert into hist_producao (fk_ordemID, fk_maquinaID, fk_operadorID, fk_inspecao, lote) values (71, 17, 71, 71, '63629-4849');
insert into hist_producao (fk_ordemID, fk_maquinaID, fk_operadorID, fk_inspecao, lote) values (72, 18, 72, 72, '67345-6088');
insert into hist_producao (fk_ordemID, fk_maquinaID, fk_operadorID, fk_inspecao, lote) values (73, 19, 73, 73, '60344-2001');
insert into hist_producao (fk_ordemID, fk_maquinaID, fk_operadorID, fk_inspecao, lote) values (74, 20, 74, 74, '48102-004');
insert into hist_producao (fk_ordemID, fk_maquinaID, fk_operadorID, fk_inspecao, lote) values (75, 21, 75, 75, '55319-503');
insert into hist_producao (fk_ordemID, fk_maquinaID, fk_operadorID, fk_inspecao, lote) values (76, 22, 76, 76, '45802-338');
insert into hist_producao (fk_ordemID, fk_maquinaID, fk_operadorID, fk_inspecao, lote) values (77, 23, 77, 77, '37205-594');
insert into hist_producao (fk_ordemID, fk_maquinaID, fk_operadorID, fk_inspecao, lote) values (78, 24, 78, 78, '49349-565');
insert into hist_producao (fk_ordemID, fk_maquinaID, fk_operadorID, fk_inspecao, lote) values (79, 25, 79, 79, '53942-505');
insert into hist_producao (fk_ordemID, fk_maquinaID, fk_operadorID, fk_inspecao, lote) values (80, 26, 80, 80, '35356-324');
insert into hist_producao (fk_ordemID, fk_maquinaID, fk_operadorID, fk_inspecao, lote) values (81, 27, 81, 81, '13537-141');
insert into hist_producao (fk_ordemID, fk_maquinaID, fk_operadorID, fk_inspecao, lote) values (82, 1, 1, 82, '68788-0748');
insert into hist_producao (fk_ordemID, fk_maquinaID, fk_operadorID, fk_inspecao, lote) values (83, 2, 2, 83, '36987-1621');
insert into hist_producao (fk_ordemID, fk_maquinaID, fk_operadorID, fk_inspecao, lote) values (84, 3, 3, 84, '66116-409');
insert into hist_producao (fk_ordemID, fk_maquinaID, fk_operadorID, fk_inspecao, lote) values (85, 4, 4, 85, '10671-101');
insert into hist_producao (fk_ordemID, fk_maquinaID, fk_operadorID, fk_inspecao, lote) values (86, 5, 5, 86, '16590-747');
insert into hist_producao (fk_ordemID, fk_maquinaID, fk_operadorID, fk_inspecao, lote) values (87, 6, 6, 87, '62011-0145');
insert into hist_producao (fk_ordemID, fk_maquinaID, fk_operadorID, fk_inspecao, lote) values (88, 7, 7, 88, '49348-413');
insert into hist_producao (fk_ordemID, fk_maquinaID, fk_operadorID, fk_inspecao, lote) values (89, 8, 8, 89, '63981-344');
insert into hist_producao (fk_ordemID, fk_maquinaID, fk_operadorID, fk_inspecao, lote) values (90, 9, 9, 90, '11673-822');
insert into hist_producao (fk_ordemID, fk_maquinaID, fk_operadorID, fk_inspecao, lote) values (91, 10, 10, 91, '11410-305');
insert into hist_producao (fk_ordemID, fk_maquinaID, fk_operadorID, fk_inspecao, lote) values (92, 11, 11, 92, '63868-386');
insert into hist_producao (fk_ordemID, fk_maquinaID, fk_operadorID, fk_inspecao, lote) values (93, 12, 12, 93, '0009-0012');
insert into hist_producao (fk_ordemID, fk_maquinaID, fk_operadorID, fk_inspecao, lote) values (94, 13, 13, 94, '51079-690');
insert into hist_producao (fk_ordemID, fk_maquinaID, fk_operadorID, fk_inspecao, lote) values (95, 14, 14, 95, '36987-1956');
insert into hist_producao (fk_ordemID, fk_maquinaID, fk_operadorID, fk_inspecao, lote) values (96, 15, 15, 96, '0168-0202');
insert into hist_producao (fk_ordemID, fk_maquinaID, fk_operadorID, fk_inspecao, lote) values (97, 16, 16, 97, '49483-097');
insert into hist_producao (fk_ordemID, fk_maquinaID, fk_operadorID, fk_inspecao, lote) values (98, 17, 17, 98, '51393-6222');
insert into hist_producao (fk_ordemID, fk_maquinaID, fk_operadorID, fk_inspecao, lote) values (99, 18, 18, 99, '42291-102');
insert into hist_producao (fk_ordemID, fk_maquinaID, fk_operadorID, fk_inspecao, lote) values (100, 19, 19, 100, '65841-055');
insert into hist_producao (fk_ordemID, fk_maquinaID, fk_operadorID, fk_inspecao, lote) values (101, 20, 20, 101, '57520-0067');
insert into hist_producao (fk_ordemID, fk_maquinaID, fk_operadorID, fk_inspecao, lote) values (102, 21, 21, 102, '54868-6043');
insert into hist_producao (fk_ordemID, fk_maquinaID, fk_operadorID, fk_inspecao, lote) values (103, 22, 22, 103, '0054-0543');
insert into hist_producao (fk_ordemID, fk_maquinaID, fk_operadorID, fk_inspecao, lote) values (104, 23, 23, 104, '54868-5190');
insert into hist_producao (fk_ordemID, fk_maquinaID, fk_operadorID, fk_inspecao, lote) values (105, 24, 24, 105, '37000-835');
insert into hist_producao (fk_ordemID, fk_maquinaID, fk_operadorID, fk_inspecao, lote) values (106, 25, 25, 106, '54569-2935');
insert into hist_producao (fk_ordemID, fk_maquinaID, fk_operadorID, fk_inspecao, lote) values (107, 26, 26, 107, '55154-5470');
insert into hist_producao (fk_ordemID, fk_maquinaID, fk_operadorID, fk_inspecao, lote) values (108, 27, 27, 108, '68258-8981');
insert into hist_producao (fk_ordemID, fk_maquinaID, fk_operadorID, fk_inspecao, lote) values (109, 1, 28, 109, '35356-828');
insert into hist_producao (fk_ordemID, fk_maquinaID, fk_operadorID, fk_inspecao, lote) values (110, 2, 29, 110, '0186-1088');
insert into hist_producao (fk_ordemID, fk_maquinaID, fk_operadorID, fk_inspecao, lote) values (111, 3, 30, 111, '49349-334');
insert into hist_producao (fk_ordemID, fk_maquinaID, fk_operadorID, fk_inspecao, lote) values (112, 4, 31, 112, '59779-049');
insert into hist_producao (fk_ordemID, fk_maquinaID, fk_operadorID, fk_inspecao, lote) values (113, 5, 32, 113, '0409-2988');
insert into hist_producao (fk_ordemID, fk_maquinaID, fk_operadorID, fk_inspecao, lote) values (114, 6, 33, 114, '61589-1814');
insert into hist_producao (fk_ordemID, fk_maquinaID, fk_operadorID, fk_inspecao, lote) values (115, 7, 34, 115, '0268-1378');
insert into hist_producao (fk_ordemID, fk_maquinaID, fk_operadorID, fk_inspecao, lote) values (116, 8, 35, 116, '0781-2265');
insert into hist_producao (fk_ordemID, fk_maquinaID, fk_operadorID, fk_inspecao, lote) values (117, 9, 36, 117, '51270-119');
insert into hist_producao (fk_ordemID, fk_maquinaID, fk_operadorID, fk_inspecao, lote) values (118, 10, 37, 118, '68428-116');
insert into hist_producao (fk_ordemID, fk_maquinaID, fk_operadorID, fk_inspecao, lote) values (119, 11, 38, 119, '68788-0167');
insert into hist_producao (fk_ordemID, fk_maquinaID, fk_operadorID, fk_inspecao, lote) values (120, 12, 39, 120, '11980-228');
insert into hist_producao (fk_ordemID, fk_maquinaID, fk_operadorID, fk_inspecao, lote) values (121, 13, 40, 121, '44014-085');
insert into hist_producao (fk_ordemID, fk_maquinaID, fk_operadorID, fk_inspecao, lote) values (122, 14, 41, 122, '59663-140');
insert into hist_producao (fk_ordemID, fk_maquinaID, fk_operadorID, fk_inspecao, lote) values (123, 15, 42, 123, '52584-016');
insert into hist_producao (fk_ordemID, fk_maquinaID, fk_operadorID, fk_inspecao, lote) values (124, 16, 43, 124, '76237-206');
insert into hist_producao (fk_ordemID, fk_maquinaID, fk_operadorID, fk_inspecao, lote) values (125, 17, 44, 125, '68196-175');
insert into hist_producao (fk_ordemID, fk_maquinaID, fk_operadorID, fk_inspecao, lote) values (126, 18, 45, 126, '55154-5885');
insert into hist_producao (fk_ordemID, fk_maquinaID, fk_operadorID, fk_inspecao, lote) values (127, 19, 46, 127, '37000-258');
insert into hist_producao (fk_ordemID, fk_maquinaID, fk_operadorID, fk_inspecao, lote) values (128, 20, 47, 128, '54868-6266');
insert into hist_producao (fk_ordemID, fk_maquinaID, fk_operadorID, fk_inspecao, lote) values (129, 21, 48, 129, '63304-739');
insert into hist_producao (fk_ordemID, fk_maquinaID, fk_operadorID, fk_inspecao, lote) values (130, 22, 49, 130, '55154-4760');
insert into hist_producao (fk_ordemID, fk_maquinaID, fk_operadorID, fk_inspecao, lote) values (131, 23, 50, 131, '53943-554');
insert into hist_producao (fk_ordemID, fk_maquinaID, fk_operadorID, fk_inspecao, lote) values (132, 24, 51, 132, '68382-006');
insert into hist_producao (fk_ordemID, fk_maquinaID, fk_operadorID, fk_inspecao, lote) values (133, 25, 52, 133, '55154-7777');
insert into hist_producao (fk_ordemID, fk_maquinaID, fk_operadorID, fk_inspecao, lote) values (134, 26, 53, 134, '55566-5061');
insert into hist_producao (fk_ordemID, fk_maquinaID, fk_operadorID, fk_inspecao, lote) values (135, 27, 54, 135, '43857-0012');
insert into hist_producao (fk_ordemID, fk_maquinaID, fk_operadorID, fk_inspecao, lote) values (136, 1, 55, 136, '40076-945');
insert into hist_producao (fk_ordemID, fk_maquinaID, fk_operadorID, fk_inspecao, lote) values (137, 2, 56, 137, '63629-5269');
insert into hist_producao (fk_ordemID, fk_maquinaID, fk_operadorID, fk_inspecao, lote) values (138, 3, 57, 138, '21695-302');
insert into hist_producao (fk_ordemID, fk_maquinaID, fk_operadorID, fk_inspecao, lote) values (139, 4, 58, 139, '36800-506');
insert into hist_producao (fk_ordemID, fk_maquinaID, fk_operadorID, fk_inspecao, lote) values (140, 5, 59, 140, '0597-0123');
insert into hist_producao (fk_ordemID, fk_maquinaID, fk_operadorID, fk_inspecao, lote) values (141, 6, 60, 141, '53807-422');
insert into hist_producao (fk_ordemID, fk_maquinaID, fk_operadorID, fk_inspecao, lote) values (142, 7, 61, 142, '0440-2406');
insert into hist_producao (fk_ordemID, fk_maquinaID, fk_operadorID, fk_inspecao, lote) values (143, 8, 62, 143, '0071-0007');
insert into hist_producao (fk_ordemID, fk_maquinaID, fk_operadorID, fk_inspecao, lote) values (144, 9, 63, 144, '52125-6087');
insert into hist_producao (fk_ordemID, fk_maquinaID, fk_operadorID, fk_inspecao, lote) values (145, 10, 64, 145, '0143-9888');
insert into hist_producao (fk_ordemID, fk_maquinaID, fk_operadorID, fk_inspecao, lote) values (146, 11, 65, 146, '69020-207');
insert into hist_producao (fk_ordemID, fk_maquinaID, fk_operadorID, fk_inspecao, lote) values (147, 12, 66, 147, '52584-039');
insert into hist_producao (fk_ordemID, fk_maquinaID, fk_operadorID, fk_inspecao, lote) values (148, 13, 67, 148, '47335-788');
insert into hist_producao (fk_ordemID, fk_maquinaID, fk_operadorID, fk_inspecao, lote) values (149, 14, 68, 149, '66184-150');
insert into hist_producao (fk_ordemID, fk_maquinaID, fk_operadorID, fk_inspecao, lote) values (150, 15, 69, 150, '62670-4339');
insert into hist_producao (fk_ordemID, fk_maquinaID, fk_operadorID, fk_inspecao, lote) values (151, 16, 70, 151, '49288-0008');
insert into hist_producao (fk_ordemID, fk_maquinaID, fk_operadorID, fk_inspecao, lote) values (152, 17, 71, 152, '53314-1066');
insert into hist_producao (fk_ordemID, fk_maquinaID, fk_operadorID, fk_inspecao, lote) values (153, 18, 72, 153, '50268-279');
insert into hist_producao (fk_ordemID, fk_maquinaID, fk_operadorID, fk_inspecao, lote) values (154, 19, 73, 154, '44206-454');
insert into hist_producao (fk_ordemID, fk_maquinaID, fk_operadorID, fk_inspecao, lote) values (155, 20, 74, 155, '61016-0001');
insert into hist_producao (fk_ordemID, fk_maquinaID, fk_operadorID, fk_inspecao, lote) values (156, 21, 75, 156, '66382-446');
insert into hist_producao (fk_ordemID, fk_maquinaID, fk_operadorID, fk_inspecao, lote) values (157, 22, 76, 157, '68084-605');
insert into hist_producao (fk_ordemID, fk_maquinaID, fk_operadorID, fk_inspecao, lote) values (158, 23, 77, 158, '49349-547');
insert into hist_producao (fk_ordemID, fk_maquinaID, fk_operadorID, fk_inspecao, lote) values (159, 24, 78, 159, '46122-008');
insert into hist_producao (fk_ordemID, fk_maquinaID, fk_operadorID, fk_inspecao, lote) values (160, 25, 79, 160, '68645-461');